20130101 ;78;58;18;52;61;60;00;08;99;23;33;07;63;63;91;71;29;15;99;66;07;55;71;56;62;95;64 
20130102 ;04;10;03;89;53;42;72;97;84;30;63;90;77;70;70;41;75;75;36;57;46;02;43;43;12;08;62 
20130103 ;81;15;72;98;43;56;06;93;67;44;66;32;03;12;87;07;71;50;08;00;64;29;22;29;87;65;78 
20130104 ;63;77;96;01;28;82;78;94;57;25;00;61;03;07;33;07;44;19;51;79;63;05;97;19;72;98;33 
20130105 ;26;26;14;60;03;95;40;51;07;67;38;44;74;52;93;93;90;10;35;11;34;31;52;21;32;15;48 
20130106 ;66;90;63;23;97;06;58;76;06;65;62;71;68;78;92;59;02;19;91;27;53;74;58;67;56;55;19 
20130107 ;34;36;64;35;53;45;89;95;15;18;35;64;99;31;21;65;30;16;37;06;21;62;60;68;08;04;79 
20130108 ;32;88;66;85;80;89;65;21;26;95;07;06;80;38;91;62;31;87;26;03;26;61;52;86;88;52;87 
20130109 ;25;90;93;59;44;23;42;28;00;38;82;02;59;99;35;16;30;53;63;60;90;05;54;50;25;30;75 
20130110 ;64;23;93;73;77;97;43;27;63;17;10;71;50;38;25;74;68;95;96;33;82;11;73;98;72;37;25 
20130111 ;89;13;69;61;00;02;68;18;92;41;87;28;43;79;44;30;78;48;99;82;61;73;01;39;14;91;45 
20130112 ;93;31;96;77;63;98;23;26;45;44;10;92;58;04;88;88;15;01;38;48;52;16;59;16;54;67;81 
20130113 ;15;38;68;82;43;70;60;82;51;59;82;15;72;86;31;66;32;73;59;91;92;06;30;43;40;34;06 
20130114 ;20;91;47;38;04;35;84;11;57;49;32;09;23;74;69;81;79;37;41;64;92;24;70;42;35;04;31 
20130115 ;37;34;30;29;19;78;03;87;91;52;15;95;17;78;34;31;05;21;41;60;63;02;31;34;44;69;20 
20130116 ;53;25;25;22;90;12;83;57;60;38;76;22;52;03;85;36;35;22;97;04;86;93;68;76;85;96;91 
20130117 ;07;42;00;67;30;78;23;22;79;28;94;21;78;79;77;24;69;86;04;96;08;14;11;53;31;49;92 
20130118 ;14;01;16;52;10;51;84;73;29;88;68;23;82;20;53;70;80;61;26;58;14;25;09;86;38;43;91 
20130119 ;74;59;58;36;06;04;74;20;01;13;92;42;62;57;83;12;31;69;75;88;40;70;20;98;61;54;87 
20130120 ;11;94;56;82;53;13;44;95;78;75;53;86;11;32;49;51;95;16;69;90;93;23;73;41;96;74;19 
20130121 ;11;42;57;15;83;31;51;87;30;56;88;59;52;42;64;73;72;32;23;95;18;54;62;33;22;55;11 
20130122 ;88;36;33;44;58;32;43;92;48;82;21;41;16;50;40;14;66;18;04;94;50;42;20;68;37;64;93 
20130123 ;06;10;75;80;37;96;91;32;63;16;92;57;01;29;54;32;11;30;83;86;84;95;11;76;83;95;69 
20130124 ;80;62;47;27;05;73;84;70;89;36;60;41;40;16;97;76;04;12;44;11;29;76;33;04;16;38;94 
20130125 ;56;75;49;77;52;57;05;96;36;65;33;47;51;87;64;13;60;02;59;36;02;27;94;02;99;52;12 
20130126 ;08;64;54;93;36;17;08;33;89;48;24;34;97;05;89;76;04;83;55;71;12;77;67;48;69;03;76 
20130127 ;85;66;21;61;90;28;35;35;29;93;68;11;77;93;38;21;77;22;54;90;31;03;78;96;57;60;78 
20130128 ;15;24;42;44;89;28;21;04;77;00;47;84;37;76;00;63;16;98;33;39;64;52;77;27;25;37;07 
20130129 ;32;78;38;23;29;62;88;68;75;86;21;69;24;84;62;06;24;26;30;38;38;63;66;47;71;31;99 
20130130 ;43;62;03;97;49;68;30;68;91;84;68;24;67;20;01;20;71;76;51;54;27;38;83;04;68;73;58 
20130131 ;44;87;73;82;81;85;83;35;88;26;46;01;02;84;46;47;40;23;41;06;08;65;40;18;09;52;17 
20130201 ;98;69;34;68;68;66;49;96;90;87;34;19;66;80;44;53;00;33;24;02;48;36;32;97;73;61;15 
20130202 ;04;33;87;86;05;11;87;97;64;07;16;85;17;80;79;83;97;14;25;88;71;73;44;15;87;98;29 
20130203 ;24;68;55;04;04;61;62;68;43;76;62;06;22;92;41;33;82;25;19;58;63;82;19;82;91;23;04 
20130204 ;55;27;31;56;18;54;73;89;35;44;41;59;84;43;60;71;34;95;05;93;97;85;12;43;56;25;08 
20130205 ;94;04;37;73;69;28;36;31;85;59;92;13;27;59;71;85;98;52;42;89;57;67;86;15;39;93;87 
20130206 ;90;27;89;64;69;66;57;02;35;97;52;91;98;41;87;32;52;33;09;71;38;54;38;87;97;91;75 
20130207 ;56;62;84;16;01;48;51;14;03;80;65;68;93;64;83;15;21;16;44;61;80;96;54;01;43;50;95 
20130208 ;78;70;41;07;84;15;71;21;93;18;68;94;18;66;72;99;20;40;74;04;44;43;02;89;73;23;51 
20130213 ;48;43;42;20;13;85;01;68;52;69;51;87;75;70;93;93;12;97;86;84;17;77;42;28;38;37;05 
20130214 ;39;66;07;80;75;56;57;11;31;87;61;15;30;05;83;60;77;59;06;88;49;26;31;09;28;59;06 
20130215 ;15;29;49;70;62;57;35;68;30;53;08;31;88;94;02;51;59;70;00;53;31;56;61;89;98;46;16 
20130216 ;54;61;83;73;82;21;53;98;52;46;40;74;12;73;69;20;94;94;77;22;71;34;86;12;02;08;18 
20130217 ;19;93;72;13;76;82;20;54;65;23;70;40;05;29;86;64;10;19;24;34;55;57;15;20;80;04;98 
20130218 ;93;88;66;01;80;32;91;03;05;29;35;04;39;85;63;94;12;73;47;23;11;48;67;74;29;66;27 
20130219 ;15;00;42;73;26;13;59;15;42;75;98;09;08;02;90;90;10;94;59;68;32;88;07;95;40;74;62 
20130220 ;16;27;50;26;94;27;55;27;55;18;43;48;04;91;10;20;19;88;33;72;59;26;45;85;07;23;32 
20130221 ;62;70;26;54;26;32;03;98;49;93;63;68;06;93;07;26;87;49;26;45;91;06;38;95;40;50;71 
20130222 ;83;52;04;22;20;80;32;86;62;20;90;29;21;58;49;68;22;05;11;01;94;52;51;18;02;52;61 
20130223 ;37;13;58;34;73;09;51;05;19;68;90;62;80;24;98;59;39;62;19;33;42;93;50;67;98;79;70 
20130224 ;70;40;01;28;59;32;48;65;88;23;52;64;36;46;80;22;29;33;58;47;88;65;77;59;76;85;43 
20130225 ;04;07;89;54;43;52;78;92;44;56;94;60;62;41;45;72;66;82;84;34;36;95;53;16;32;13;87 
20130226 ;45;57;71;78;16;50;00;35;97;73;26;34;03;61;06;78;26;27;27;76;22;77;21;56;94;82;60 
20130227 ;90;31;71;73;26;02;71;11;07;52;28;96;43;75;31;79;29;67;56;66;76;85;09;05;76;10;02 
20130228 ;97;94;78;44;30;81;76;78;83;62;84;67;97;95;39;88;36;97;15;83;38;77;44;70;77;00;93 
20130301 ;97;48;57;99;05;92;68;57;89;59;31;10;74;08;23;84;54;61;22;73;91;71;15;92;07;46;05 
20130302 ;09;32;92;85;87;43;16;32;54;15;98;56;75;96;67;31;08;09;33;12;39;11;58;44;14;51;66 
20130303 ;19;17;80;32;74;82;53;66;76;34;41;28;14;86;66;56;70;71;08;76;12;47;04;79;35;18;75 
20130304 ;82;79;37;34;37;05;22;92;37;84;06;04;68;89;63;36;03;34;04;37;89;19;44;92;74;32;58 
20130305 ;04;04;42;51;27;15;55;20;25;90;61;80;87;19;36;36;32;33;84;14;24;44;35;24;46;82;85 
20130306 ;98;42;77;59;29;51;62;78;43;99;67;84;52;45;67;83;67;09;71;40;43;11;10;72;34;63;33 
20130307 ;46;74;53;46;94;37;87;62;48;84;32;35;54;43;65;44;84;38;31;87;65;32;30;41;58;19;55 
20130308 ;29;57;82;56;31;75;70;18;93;31;14;56;64;75;63;08;35;46;06;35;79;18;44;86;65;57;33 
20130309 ;87;13;46;39;41;75;53;16;53;14;15;65;58;14;23;98;20;72;07;44;35;46;44;30;67;47;66 
20130310 ;33;04;30;91;08;41;39;65;99;68;30;44;93;27;18;76;11;62;91;37;50;36;97;02;36;92;70 
20130311 ;14;03;56;54;16;12;17;30;26;87;14;39;07;03;36;61;62;40;02;51;49;47;54;81;82;29;88 
20130312 ;37;68;36;76;79;39;79;02;09;97;65;18;68;84;59;73;81;75;01;49;02;99;04;18;78;99;58 
20130313 ;60;55;83;07;58;65;27;30;77;79;58;22;74;53;51;83;77;82;27;41;98;81;72;47;59;81;13 
20130314 ;25;38;22;51;28;03;26;29;71;21;74;56;84;39;90;26;90;39;55;35;03;18;64;02;76;64;79 
20130315 ;92;49;29;18;34;54;19;76;90;88;56;91;42;61;90;41;64;63;16;83;24;78;15;02;69;73;43 
20130316 ;44;51;23;49;52;51;50;14;46;55;32;41;35;34;61;45;69;54;90;93;36;21;25;48;32;61;64 
20130317 ;86;93;21;78;90;52;76;22;41;97;23;28;30;91;63;28;43;95;11;07;35;72;27;26;62;77;32 
20130318 ;60;04;09;97;35;38;37;73;58;61;52;42;47;09;03;88;35;84;98;44;17;97;91;64;15;45;91 
20130319 ;10;31;62;82;96;89;29;27;62;51;07;39;66;56;72;36;69;23;76;58;25;50;03;33;80;89;82 
20130320 ;74;11;17;92;26;26;22;30;19;37;41;30;89;96;29;26;28;36;64;05;77;59;70;98;61;23;46 
20130321 ;77;37;69;28;04;51;21;03;14;19;28;73;24;39;91;36;68;07;93;79;20;43;70;96;62;60;37 
20130322 ;58;49;48;60;09;24;09;78;95;10;62;43;67;83;37;53;74;53;69;08;37;79;64;84;87;27;53 
20130323 ;91;66;64;24;21;62;57;65;88;77;12;74;05;84;10;80;90;33;25;64;58;26;52;99;02;57;54 
20130324 ;15;65;11;61;28;19;33;70;19;87;42;33;62;72;52;94;73;54;23;07;87;69;67;83;57;22;90 
20130325 ;82;63;02;30;01;21;96;04;63;91;73;42;21;92;47;93;49;14;20;03;91;02;20;01;81;28;85 
20130326 ;92;37;78;68;78;32;06;44;95;51;06;35;23;00;72;90;60;54;76;77;60;52;51;55;04;84;32 
20130327 ;71;04;43;25;03;63;13;95;84;24;61;15;88;01;70;22;88;23;84;52;48;90;42;26;58;64;01 
20130328 ;40;55;39;65;59;76;66;83;84;49;65;25;69;27;00;87;81;09;57;25;41;64;66;90;36;77;63 
20130329 ;34;63;30;47;88;42;88;85;44;91;69;38;08;33;74;10;41;74;63;23;17;81;51;59;43;18;69 
20130330 ;98;76;27;21;49;57;02;73;37;83;59;81;91;48;27;86;11;78;12;51;78;46;21;11;43;82;69 
20130331 ;35;08;62;15;17;02;00;94;61;13;90;79;83;71;31;31;84;72;53;85;44;91;52;35;72;03;85 
20130401 ;16;17;80;56;80;42;03;71;12;86;74;87;78;29;99;69;76;67;58;64;12;55;20;36;96;81;65 
20130402 ;19;07;46;98;41;73;31;71;10;03;77;34;23;68;12;84;75;31;24;97;18;92;81;26;81;70;00 
20130403 ;70;27;28;37;07;98;31;89;28;07;63;26;62;62;92;22;06;12;70;04;76;47;11;01;43;91;06 
20130404 ;22;73;21;64;72;62;10;74;82;86;30;89;93;02;42;18;43;17;86;66;47;12;10;63;10;35;45 
20130405 ;09;74;60;97;24;89;16;00;37;74;77;94;56;48;21;56;58;95;43;94;04;70;32;03;73;55;94 
20130406 ;56;35;61;55;72;08;40;56;97;53;28;68;58;01;38;85;81;51;12;35;08;54;51;23;92;72;56 
20130407 ;07;83;61;04;18;11;78;59;57;54;78;62;26;12;04;10;90;26;23;43;09;01;84;90;82;55;11 
20130408 ;32;26;28;14;38;36;04;25;69;33;81;39;45;24;96;84;78;15;95;34;15;70;01;74;72;64;87 
20130409 ;11;54;43;03;55;24;35;40;93;15;12;04;60;40;83;49;48;59;51;13;62;84;67;26;80;07;44 
20130410 ;50;36;89;32;97;77;88;51;58;60;35;25;27;26;58;39;18;37;35;19;87;61;23;46;35;17;09 
20130411 ;26;29;77;16;15;46;02;46;43;83;82;92;18;92;81;51;93;53;86;85;70;07;27;81;29;48;38 
20130412 ;46;71;04;09;77;59;37;30;05;30;77;46;72;02;74;87;25;18;55;16;78;15;17;76;80;81;85 
20130413 ;85;32;76;88;50;75;98;01;35;53;82;92;10;27;05;36;82;09;30;63;97;40;36;63;47;26;06 
20130414 ;41;41;50;80;51;06;55;14;06;72;10;98;07;01;14;66;61;33;30;01;52;18;39;95;52;62;04 
20130415 ;17;26;93;40;81;87;01;46;54;12;38;16;33;07;74;27;81;55;74;71;86;69;31;06;13;95;29 
20130416 ;95;82;16;86;09;81;94;39;46;38;87;88;81;40;63;45;74;94;07;12;78;98;26;57;81;32;13 
20130417 ;61;38;75;49;35;26;84;86;81;62;50;97;72;28;40;52;79;08;30;87;81;29;48;27;88;75;54 
20130418 ;89;93;69;89;56;42;32;39;01;31;93;36;15;11;72;38;80;52;11;58;25;64;51;29;52;76;69 
20130419 ;48;89;38;36;60;99;19;96;97;88;49;18;53;73;17;92;05;82;05;65;53;64;94;28;70;76;00 
20130420 ;11;78;70;38;05;05;12;85;08;67;40;94;45;56;30;57;11;59;38;44;36;59;01;63;33;04;30 
20130421 ;16;72;36;01;76;74;95;59;09;49;85;95;81;68;05;23;41;78;13;77;91;58;55;91;33;06;48 
20130422 ;38;03;91;55;47;79;49;01;29;43;70;43;52;12;42;64;52;25;83;16;25;46;44;10;91;73;25 
20130423 ;47;91;82;94;85;90;76;14;25;67;79;87;46;65;29;03;70;23;69;82;82;57;50;94;46;32;23 
20130424 ;01;27;45;51;61;74;87;01;34;94;00;86;17;94;71;16;41;88;56;38;77;33;51;45;29;40;18 
20130425 ;30;63;89;80;89;51;81;73;33;31;02;25;01;75;63;54;21;52;57;00;66;08;07;85;25;31;84 
20130426 ;01;95;61;79;22;38;07;44;47;28;34;43;27;97;25;61;68;77;42;19;75;00;98;73;64;76;36 
20130427 ;39;90;05;35;91;10;78;92;65;20;77;94;36;54;62;60;77;77;32;83;17;69;38;47;35;82;22 
20130428 ;40;46;98;57;18;15;43;84;92;58;31;18;27;55;33;64;37;68;38;89;08;05;30;72;07;11;99 
20130429 ;43;95;22;84;47;08;66;49;50;29;68;29;73;46;54;12;31;24;23;60;40;08;35;29;81;92;68 
20130430 ;27;48;47;16;77;43;86;79;72;65;42;65;51;73;55;61;64;71;65;89;78;70;70;22;73;07;77 
20130501 ;00;51;41;17;51;23;80;21;65;53;37;92;34;14;34;91;65;42;18;14;18;56;45;78;32;63;62 
20130502 ;96;09;40;13;44;81;15;47;87;34;64;10;64;86;40;62;48;93;31;05;84;74;41;69;43;74;89 
20130503 ;06;11;65;55;95;33;90;76;38;89;24;31;63;43;24;19;75;49;86;64;63;86;03;57;87;39;24 
20130504 ;50;15;93;52;80;03;14;70;96;11;29;40;90;45;76;74;14;76;83;51;12;80;90;17;72;32;16 
20130505 ;57;02;56;83;99;88;65;42;19;70;55;10;71;17;15;83;85;95;64;12;13;90;33;60;91;37;44 
20130506 ;37;65;47;64;48;46;97;01;12;52;60;70;59;47;75;21;45;27;19;70;39;90;30;56;76;52;06 
20130507 ;45;51;09;66;68;71;17;67;76;67;08;28;31;47;83;13;97;15;21;07;48;23;03;33;25;19;63 
20130508 ;65;23;34;51;71;87;91;54;93;75;26;31;09;71;43;76;67;66;23;54;14;01;11;88;63;92;09 
20130509 ;77;20;87;72;25;45;56;19;07;97;33;19;73;02;13;50;61;42;13;86;91;52;05;48;62;07;13 
20130510 ;97;65;75;63;50;15;04;29;86;07;26;96;36;45;18;25;63;73;29;00;52;35;04;92;54;36;83 
20130511 ;03;00;62;60;86;38;32;59;32;30;46;23;00;22;76;07;67;92;68;23;26;84;77;46;05;45;85 
20130512 ;71;56;64;93;90;11;02;32;96;81;46;77;65;27;12;58;56;17;27;05;89;64;23;67;00;55;19 
20130513 ;87;03;33;24;14;91;12;42;68;06;28;33;61;40;68;62;78;05;20;34;41;38;56;15;52;01;19 
20130514 ;66;85;90;57;68;90;74;06;61;59;20;62;49;67;11;08;21;46;73;09;82;96;21;47;79;23;70 
20130515 ;42;76;18;64;06;66;98;92;71;71;31;41;55;63;57;51;11;15;09;16;60;22;60;73;09;84;19 
20130516 ;76;62;84;63;12;49;88;41;04;06;58;09;71;80;14;44;59;73;96;73;11;53;99;38;86;30;22 
20130517 ;01;84;34;16;87;63;78;99;08;44;73;80;70;16;84;43;92;03;22;74;82;95;78;28;65;59;58 
20130518 ;36;24;98;79;68;07;68;67;42;96;20;75;80;47;77;27;78;08;98;66;25;74;90;56;73;28;44 
20130519 ;17;79;69;84;02;73;96;40;79;79;95;84;82;72;25;40;88;18;14;05;37;85;24;97;30;98;81 
20130520 ;53;36;33;11;76;66;75;96;20;00;25;87;10;38;22;61;92;76;80;40;33;36;45;82;64;09;27 
20130521 ;34;67;76;36;59;86;24;50;40;72;15;46;46;23;07;58;66;72;17;03;18;69;67;89;73;21;90 
20130522 ;50;72;14;91;25;11;41;07;06;05;63;79;38;94;23;10;18;98;82;28;85;92;96;55;06;42;73 
20130523 ;52;77;68;71;74;07;89;62;42;05;59;54;88;57;07;60;14;33;86;95;47;43;29;82;95;01;12 
20130524 ;29;65;71;47;95;93;34;93;52;05;49;71;18;73;01;29;83;12;19;69;05;64;60;81;20;22;52 
20130525 ;11;49;57;99;37;88;55;28;58;14;17;19;25;07;32;64;69;75;30;18;38;82;68;38;54;72;44 
20130526 ;86;39;61;25;80;60;03;26;22;20;10;95;57;85;44;98;34;83;52;01;82;77;53;90;77;46;01 
20130527 ;44;22;89;73;73;63;52;16;63;08;41;93;31;85;39;26;95;48;62;62;77;99;42;02;84;11;48 
20130528 ;81;37;62;45;87;51;29;33;73;84;62;28;24;66;55;79;15;86;56;78;75;99;94;43;22;12;20 
20130529 ;37;57;87;12;01;02;73;31;25;80;10;97;39;12;06;83;12;96;74;38;98;93;47;98;04;73;38 
20130530 ;52;76;29;84;65;76;03;46;50;36;47;42;97;57;85;83;22;83;14;69;96;22;92;93;85;53;72 
20130531 ;13;36;40;19;26;49;80;98;56;02;27;43;82;64;50;05;10;75;26;15;24;20;27;32;95;64;23 
20130601 ;25;14;65;86;34;48;47;92;22;60;87;23;54;86;60;87;78;87;83;38;86;16;77;50;11;88;98 
20130602 ;29;82;54;04;82;37;95;78;18;70;24;55;63;47;85;32;81;79;05;19;97;75;53;64;66;24;80 
20130603 ;95;53;25;02;92;10;53;56;94;40;62;04;37;47;95;04;10;45;75;71;70;29;32;35;27;32;66 
20130604 ;98;74;41;70;55;95;36;02;95;85;19;96;06;55;81;27;36;69;11;43;83;54;64;88;04;09;95 
20130605 ;32;72;18;98;68;43;45;54;40;38;62;00;95;35;92;93;95;96;87;29;67;53;18;80;03;98;75 
20130606 ;36;85;07;54;40;54;80;50;93;27;88;31;49;62;18;51;43;89;34;54;46;20;33;73;50;16;88 
20130607 ;34;45;43;05;32;71;92;68;05;88;86;28;60;63;44;69;28;08;41;80;30;00;92;06;08;85;47 
20130608 ;79;58;26;70;23;92;82;93;05;43;43;67;35;78;42;80;66;83;42;38;87;08;61;38;41;56;69 
20130609 ;35;37;71;80;18;89;59;74;24;69;65;03;59;61;89;09;82;67;24;36;66;40;55;02;25;50;20 
20130610 ;73;61;12;41;37;77;83;94;71;24;40;63;06;03;33;19;92;85;61;39;09;32;83;58;59;95;41 
20130611 ;86;69;39;38;71;19;37;23;39;58;60;38;70;99;87;53;84;42;39;97;69;94;70;92;43;36;59 
20130612 ;43;71;52;51;49;69;73;17;25;03;51;37;83;71;31;16;30;07;58;05;21;69;68;30;14;62;03 
20130613 ;53;55;24;40;04;25;74;66;98;07;14;48;04;12;56;26;71;67;47;39;22;94;10;89;85;61;69 
20130614 ;14;34;76;66;20;95;66;18;01;64;41;18;98;10;40;98;12;75;98;57;13;52;26;38;54;61;19 
20130615 ;15;47;30;22;25;97;86;24;44;91;89;58;29;68;55;35;33;67;63;07;63;08;95;76;54;23;62 
20130616 ;73;08;49;93;97;97;94;77;11;95;60;86;60;94;24;83;60;95;99;15;71;47;67;88;47;03;77 
20130617 ;74;29;88;86;02;99;72;19;36;79;79;37;44;13;67;81;98;73;61;31;03;94;82;31;97;87;57 
20130618 ;05;23;31;47;31;50;19;49;02;14;92;11;66;03;72;41;66;22;13;66;79;61;84;87;46;58;98 
20130619 ;77;28;16;02;03;79;93;59;90;28;21;01;10;36;16;21;60;99;35;24;13;85;15;24;13;27;73 
20130620 ;75;88;51;69;61;03;18;74;18;85;41;89;89;09;73;73;68;24;25;12;42;72;97;41;45;83;38 
20130621 ;23;34;53;24;07;38;18;13;32;51;47;47;85;40;64;41;56;66;21;46;55;87;86;69;22;37;16 
20130622 ;05;06;71;81;85;11;75;58;52;86;24;31;05;39;78;83;84;24;18;29;71;16;65;58;40;45;94 
20130623 ;99;76;60;75;40;63;82;15;55;91;14;76;99;46;25;17;10;04;15;75;69;19;48;80;08;55;17 
20130624 ;24;70;19;53;77;71;14;36;43;34;52;75;74;16;90;61;72;23;13;94;21;78;72;79;09;40;80 
20130625 ;57;93;37;01;24;59;55;45;74;56;72;21;69;12;35;42;14;29;24;76;52;75;23;94;19;18;95 
20130626 ;34;08;34;91;57;69;55;51;99;85;57;14;25;45;86;43;77;22;34;36;12;39;43;21;38;93;88 
20130627 ;16;72;84;09;32;60;99;07;00;42;28;57;25;82;43;37;20;38;88;04;44;62;20;74;78;72;40 
20130628 ;28;23;54;39;51;26;54;40;49;61;78;89;25;36;73;73;84;78;96;05;59;20;54;41;56;62;01 
20130629 ;26;66;12;65;14;57;69;50;34;96;22;74;30;67;07;39;93;47;77;07;12;74;05;11;79;72;51 
20130630 ;88;43;99;16;35;36;53;18;24;27;75;57;64;15;63;76;37;27;39;76;75;87;47;43;56;15;00 
20130701 ;87;43;24;73;52;20;16;45;80;34;76;53;09;91;06;38;09;91;87;72;06;04;17;68;66;72;49 
20130702 ;95;79;63;18;21;82;83;61;66;18;98;85;65;32;09;21;24;44;96;91;45;15;50;26;46;85;05 
20130703 ;40;92;55;17;63;48;68;88;69;81;02;17;97;12;61;96;29;90;93;09;86;78;74;10;66;63;54 
20130704 ;81;53;87;02;52;95;41;40;74;46;60;03;86;02;88;63;94;36;79;80;14;11;73;94;55;01;51 
20130705 ;39;18;43;38;60;27;63;59;47;94;56;36;50;21;40;12;19;60;07;24;21;28;12;15;98;38;34 
20130706 ;25;36;16;98;04;52;41;09;71;82;08;33;93;68;62;03;42;76;49;45;91;27;51;22;21;02;69 
20130707 ;08;43;83;50;00;99;29;42;88;68;75;12;18;44;25;24;29;49;82;49;85;43;43;84;18;64;65 
20130708 ;34;55;06;52;47;50;99;56;45;28;38;11;44;52;03;60;72;50;82;14;14;48;17;94;21;80;42 
20130709 ;80;27;82;50;57;58;33;15;87;13;14;14;86;48;36;12;90;01;18;02;48;86;76;17;43;80;08 
20130710 ;15;90;67;58;63;52;54;74;61;76;85;19;39;36;04;06;92;74;03;58;17;83;25;47;85;56;55 
20130711 ;07;58;09;63;42;72;66;56;45;15;05;78;25;41;82;49;87;08;43;68;78;27;73;92;95;01;59 
20130712 ;16;27;02;36;87;64;37;59;00;99;29;90;59;97;03;18;40;77;09;49;44;02;91;85;86;34;62 
20130713 ;48;51;37;01;04;77;74;53;03;63;97;53;01;57;11;41;29;90;49;21;97;38;57;04;16;18;29 
20130714 ;09;82;99;68;73;60;08;39;56;36;88;10;57;68;54;08;79;38;90;84;43;67;29;82;46;47;37 
20130715 ;00;53;42;26;22;38;75;25;39;62;33;19;16;70;01;84;45;68;58;25;43;89;02;54;07;37;06 
20130716 ;91;98;46;58;10;28;74;01;79;78;32;97;99;67;07;07;80;24;74;55;21;82;69;27;74;68;26 
20130717 ;22;04;84;95;14;59;45;74;71;83;67;08;67;46;58;83;76;74;75;47;41;85;07;38;43;19;70 
20130718 ;63;81;66;82;13;59;27;76;07;64;14;21;05;61;11;66;99;41;93;40;92;46;19;42;63;79;10 
20130719 ;01;81;65;88;49;86;70;68;98;04;52;11;27;75;08;94;24;00;62;74;07;22;52;71;58;72;93 
20130720 ;52;06;76;97;56;08;68;52;56;77;78;44;02;99;26;54;80;64;20;77;81;57;74;63;59;86;36 
20130721 ;27;81;69;76;54;97;03;24;95;27;54;26;22;20;20;19;23;38;57;34;50;61;27;60;67;92;03 
20130722 ;33;93;06;38;74;73;45;98;38;50;21;78;17;13;09;22;56;52;77;63;24;90;64;64;15;90;49 
20130723 ;13;84;01;65;82;77;14;57;36;24;03;03;24;70;69;52;81;76;69;23;71;28;85;16;94;26;03 
20130724 ;65;37;50;85;57;69;57;61;88;05;42;61;34;18;03;72;83;97;90;35;50;37;11;43;09;95;42 
20130725 ;04;23;77;86;16;58;48;93;75;66;16;28;01;57;08;56;61;47;00;13;25;21;36;70;18;24;20 
20130726 ;09;48;62;73;92;09;29;90;15;90;49;38;39;54;99;69;84;69;78;41;45;07;16;24;52;82;87 
20130727 ;16;16;33;61;06;90;38;92;08;55;45;01;79;95;26;37;95;87;92;81;78;64;63;71;24;91;34 
20130728 ;19;46;72;30;64;27;72;75;48;07;47;97;18;49;12;11;58;79;34;20;69;25;86;12;20;09;69 
20130729 ;09;49;23;47;70;74;84;81;88;16;26;64;34;13;43;44;21;69;17;94;01;18;35;04;18;43;77 
20130730 ;79;36;51;17;96;84;70;03;85;14;70;22;44;02;42;65;30;48;27;39;38;54;61;01;94;39;30 
20130731 ;17;21;10;96;76;27;31;61;08;80;58;64;59;78;74;79;78;58;11;45;67;53;60;32;31;76;18 
20130801 ;13;00;59;00;75;97;99;83;98;79;24;92;78;42;27;52;38;22;62;01;96;01;29;66;64;32;52 
20130802 ;85;70;69;96;09;46;29;68;38;88;20;67;69;15;09;96;26;11;51;09;78;71;33;11;40;84;13 
20130803 ;37;20;99;03;00;42;35;37;37;63;81;83;35;91;22;84;32;49;92;53;17;73;64;19;03;78;18 
20130804 ;89;09;37;33;84;09;43;05;69;40;06;09;55;81;66;96;82;86;22;15;45;96;93;68;13;51;74 
20130805 ;51;87;65;61;80;34;04;34;06;25;00;99;50;16;90;15;83;03;52;21;15;52;36;22;93;90;17 
20130806 ;55;33;94;24;72;09;96;25;67;21;43;62;24;96;58;21;78;72;41;34;47;45;02;13;23;91;42 
20130807 ;06;05;59;48;46;71;44;33;75;51;58;22;10;24;02;40;25;17;87;50;38;53;29;87;68;11;33 
20130808 ;72;44;79;90;18;70;04;93;92;39;22;22;39;31;50;62;56;74;19;81;20;31;27;32;25;40;02 
20130809 ;61;95;15;65;43;34;91;82;46;95;48;16;97;53;04;14;79;12;89;49;60;53;27;91;36;48;92 
20130810 ;69;38;00;89;72;64;55;39;90;83;45;82;16;25;32;05;53;24;85;83;23;73;33;94;25;58;85 
20130811 ;98;00;58;33;89;38;01;47;24;90;54;30;76;75;51;31;05;72;39;33;18;39;90;55;35;69;50 
20130812 ;84;20;99;47;85;01;75;54;31;39;95;86;25;20;99;44;67;47;60;83;89;96;92;17;71;60;55 
20130813 ;68;83;29;61;34;76;72;58;51;82;37;71;27;41;87;67;23;97;49;64;53;92;03;33;83;69;25 
20130814 ;32;76;23;87;22;49;65;64;35;98;54;05;01;58;76;40;77;89;59;10;15;75;34;35;87;69;60 
20130815 ;71;76;89;54;48;18;85;72;65;11;68;65;88;93;43;53;52;08;75;56;00;87;70;98;49;33;55 
20130816 ;06;42;03;72;83;58;09;34;05;09;64;49;28;65;50;99;85;82;74;28;65;43;44;99;40;86;79 
20130817 ;02;48;70;62;01;97;49;17;16;64;60;55;91;84;79;00;97;23;90;85;59;63;45;01;41;53;22 
20130818 ;77;52;19;76;55;71;28;54;47;74;56;49;42;43;22;31;48;36;36;72;24;92;04;51;29;41;86 
20130819 ;02;26;90;77;20;41;88;44;37;53;48;10;46;79;25;05;77;59;65;92;50;79;30;09;36;55;06 
20130820 ;53;66;12;85;46;35;99;80;11;52;44;71;66;58;24;26;98;15;16;05;19;15;00;79;25;90;13 
20130821 ;59;14;83;95;93;34;15;10;21;42;52;81;03;83;98;11;58;52;83;01;61;47;70;21;30;59;90 
20130822 ;98;66;55;84;44;27;91;36;02;50;66;91;13;81;82;43;52;42;43;35;75;83;39;92;91;00;81 
20130823 ;68;98;34;81;86;17;65;26;84;03;71;50;51;00;65;64;39;94;99;72;83;37;59;56;64;61;60 
20130824 ;80;08;92;61;39;64;80;65;04;11;60;19;17;12;99;45;05;15;01;79;66;03;75;15;40;53;60 
20130825 ;03;25;44;48;41;42;01;76;95;14;91;76;57;04;96;43;00;40;76;38;70;50;92;33;32;30;08 
20130826 ;88;60;01;14;20;94;89;32;19;85;74;03;38;88;26;72;48;96;07;71;48;40;13;35;28;81;88 
20130827 ;94;70;75;81;21;33;26;38;48;67;27;94;66;16;34;11;79;01;40;71;10;03;04;23;75;69;92 
20130828 ;96;44;99;20;13;21;11;82;54;46;76;85;38;16;08;41;19;54;94;28;38;84;02;27;74;81;53 
20130829 ;62;78;09;45;94;56;56;38;99;81;51;25;89;92;57;93;81;95;16;36;79;93;02;93;00;43;33 
20130830 ;91;78;36;59;52;13;15;35;92;85;24;46;62;78;08;96;92;49;97;07;22;06;38;44;61;09;43 
20130831 ;44;79;69;21;29;38;62;67;79;33;39;72;72;34;26;12;78;32;31;92;24;67;66;16;34;39;98 
20130901 ;55;03;52;54;65;36;74;51;03;83;79;94;51;45;99;08;12;40;90;28;19;91;29;79;45;86;96 
20130902 ;61;76;98;56;76;00;57;03;06;86;56;55;91;63;66;56;23;91;85;82;21;82;56;02;66;63;30 
20130903 ;46;35;26;45;64;04;11;93;68;59;23;36;95;56;33;66;33;30;86;51;08;47;06;43;25;98;91 
20130904 ;57;86;02;32;47;09;75;91;13;16;39;61;53;27;55;78;79;37;05;20;59;93;84;65;22;16;11 
20130905 ;93;54;28;75;51;38;63;64;44;31;42;54;74;27;90;20;58;74;62;45;90;50;83;52;41;55;06 
20130906 ;01;38;09;70;44;80;31;98;24;32;86;90;54;98;66;65;26;58;83;95;44;97;42;62;45;32;01 
20130907 ;09;53;84;26;90;10;64;59;37;62;44;09;32;98;23;88;31;75;71;02;97;27;49;01;86;57;88 
20130908 ;00;47;83;30;65;59;46;61;18;55;28;13;61;68;19;36;73;08;72;87;68;26;17;51;08;04;95 
20130909 ;82;85;52;95;76;39;64;21;46;81;36;62;58;80;91;58;62;61;07;68;92;98;59;67;60;09;78 
20130910 ;79;16;39;74;75;64;16;10;15;02;30;85;73;81;51;78;70;24;17;10;09;82;21;55;87;64;91 
20130911 ;74;10;46;77;57;60;17;79;52;79;17;30;09;18;10;62;81;12;05;42;20;39;21;27;38;40;36 
20130912 ;04;29;31;77;91;58;40;85;89;74;81;07;28;45;44;25;65;30;76;18;69;07;12;30;27;67;58 
20130913 ;05;51;69;60;55;33;87;99;62;75;83;18;00;35;58;83;22;82;57;73;49;10;46;93;42;56;44 
20130914 ;50;44;80;40;77;34;43;10;08;39;15;76;20;64;34;10;98;26;09;21;85;02;24;92;56;14;43 
20130915 ;85;34;97;23;20;73;40;45;32;60;77;38;32;41;52;46;39;92;92;44;38;44;48;61;03;07;90 
20130916 ;86;71;30;21;91;95;81;16;96;35;27;43;23;15;87;42;87;95;46;68;71;44;97;92;93;17;42 
20130917 ;61;74;48;41;91;32;66;21;64;59;90;54;58;40;62;64;24;22;42;10;29;39;78;31;22;45;78 
20130918 ;28;38;29;74;32;22;26;36;04;81;35;69;06;56;42;74;97;56;94;25;43;75;42;43;20;37;45 
20130919 ;90;84;06;98;52;11;18;43;82;04;49;54;62;58;79;19;97;39;29;57;60;10;65;20;42;75;96 
20130920 ;39;37;48;55;57;36;95;45;37;78;35;46;55;13;27;51;42;76;29;57;09;68;54;62;89;55;67 
20130921 ;35;50;17;56;86;05;87;28;72;98;25;56;41;92;98;92;30;38;86;07;46;51;40;59;46;36;54 
20130922 ;78;18;79;09;02;93;93;34;70;16;93;13;78;64;91;60;58;36;03;88;36;42;35;96;74;75;83 
20130923 ;02;12;81;07;92;08;67;76;72;19;96;66;65;18;46;29;83;74;87;35;35;97;34;24;52;90;64 
20130924 ;51;78;80;41;98;75;83;35;76;54;53;22;31;38;36;92;02;36;50;43;91;53;05;13;46;07;56 
20130925 ;14;75;01;21;90;62;65;08;51;37;13;49;51;00;65;58;04;52;95;27;11;28;44;49;66;81;21 
20130926 ;41;51;13;21;43;90;29;95;88;22;57;53;09;26;83;89;55;89;92;18;95;82;79;42;76;25;97 
20130927 ;25;69;08;18;03;94;45;14;13;30;07;37;38;89;78;43;79;64;05;71;52;61;12;01;45;55;19 
20130928 ;10;60;94;35;08;57;50;81;91;34;17;91;48;65;36;48;86;36;75;73;27;24;51;02;26;81;07 
20130929 ;45;76;21;22;96;83;21;68;99;98;21;46;21;25;01;76;32;13;08;75;75;39;33;80;35;31;09 
20130930 ;48;55;80;29;06;95;34;11;52;35;62;94;82;83;25;52;92;07;04;16;15;36;64;85;90;99;12 
20131001 ;60;30;48;28;59;46;82;16;52;66;78;08;15;86;13;66;83;65;11;84;97;57;78;96;72;91;20 
20131002 ;34;16;43;16;86;45;28;73;04;63;81;51;94;09;24;36;43;12;63;29;67;07;72;93;94;98;72 
20131003 ;11;79;56;58;45;87;11;72;03;52;82;35;06;24;76;09;29;45;97;86;76;19;98;26;43;11;23 
20131004 ;33;01;44;71;83;03;68;58;09;54;06;51;50;15;51;84;08;86;73;54;56;21;01;36;46;77;64 
20131005 ;22;70;53;69;15;63;49;83;87;66;13;83;40;24;82;19;14;12;32;39;09;51;50;97;11;74;34 
20131006 ;72;09;54;55;95;69;47;84;96;19;41;29;22;20;38;80;42;26;95;07;62;14;42;61;85;09;00 
20131007 ;93;38;27;58;43;88;75;21;46;35;00;52;53;02;66;62;61;30;14;17;93;98;64;44;79;83;93 
20131008 ;38;72;06;58;47;48;71;29;65;03;28;07;25;72;02;34;99;43;71;48;13;71;87;47;65;83;32 
20131009 ;97;94;52;14;85;45;31;00;74;93;06;24;27;64;44;67;69;82;84;71;15;87;90;80;06;37;23 
20131010 ;11;47;13;74;42;26;64;20;91;74;69;68;84;44;82;79;33;63;69;46;69;38;53;51;90;08;24 
20131011 ;38;88;74;50;65;35;83;35;82;57;43;41;90;24;50;41;87;34;18;38;05;94;53;95;52;43;11 
20131012 ;55;51;79;58;68;51;36;83;49;51;76;81;18;00;49;34;99;38;39;73;94;60;84;58;06;95;70 
20131013 ;91;53;33;56;80;74;99;81;30;24;50;29;32;69;84;20;72;80;48;92;68;28;63;89;43;64;99 
20131014 ;84;98;54;60;99;20;47;19;69;47;66;68;53;09;39;53;29;72;51;78;44;91;99;40;85;95;43 
20131015 ;38;51;54;61;45;42;78;69;00;54;43;75;80;05;64;62;62;80;64;29;66;46;93;73;85;89;35 
20131016 ;95;56;92;84;92;70;60;41;50;92;59;76;43;59;63;43;06;59;97;49;98;80;97;02;97;56;93 
20131017 ;79;22;31;70;07;22;82;33;91;16;09;82;79;61;25;00;11;42;45;34;64;57;68;25;39;99;54 
20131018 ;06;68;95;45;28;55;90;29;10;27;53;95;77;44;30;77;38;56;66;10;96;01;89;40;29;37;96 
20131019 ;99;45;29;87;03;52;23;47;05;96;74;64;64;23;71;70;41;21;92;83;92;80;22;22;12;51;38 
20131020 ;84;12;15;42;31;76;86;38;62;47;35;35;88;29;61;02;90;01;72;79;88;15;27;15;09;12;65 
20131021 ;72;01;03;99;20;21;86;98;59;25;10;55;34;54;95;87;41;54;95;10;23;25;39;48;05;39;75 
20131022 ;89;33;72;56;24;14;42;78;67;09;10;59;17;63;11;62;05;36;65;65;82;38;49;06;86;88;61 
20131023 ;15;92;15;94;76;05;07;39;72;51;84;87;06;02;33;10;88;37;27;07;22;42;27;08;51;62;44 
20131024 ;28;95;05;84;78;89;94;93;72;82;50;26;79;92;67;63;92;70;41;04;17;57;20;47;18;84;49 
20131025 ;64;45;90;48;23;91;48;28;97;50;14;25;27;73;93;50;78;49;28;01;40;22;80;34;72;38;44 
20131026 ;45;77;67;22;67;00;40;85;31;61;07;76;88;89;35;62;62;37;19;15;33;18;05;13;81;41;64 
20131027 ;83;30;04;52;56;52;67;58;07;95;60;83;71;40;36;99;39;18;30;94;63;98;66;61;25;51;29 
20131028 ;52;17;64;82;08;03;96;17;19;22;85;08;44;83;10;46;78;06;36;89;11;73;98;70;76;73;36 
20131029 ;28;26;72;62;61;94;67;70;59;16;42;69;29;63;12;47;72;07;40;73;78;95;74;78;83;45;51 
20131030 ;71;10;95;61;31;19;86;35;05;15;05;65;19;61;94;98;15;66;77;28;79;35;33;60;80;24;85 
20131031 ;48;67;06;73;82;06;82;27;23;57;12;30;96;56;46;26;32;70;64;49;65;33;45;83;82;47;51 
20131101 ;28;88;65;64;24;39;95;60;67;92;14;60;55;30;81;04;97;74;05;67;00;73;05;74;88;43;20 
20131102 ;90;31;71;15;08;82;98;03;40;99;54;69;17;90;83;38;82;32;22;29;39;47;65;29;30;72;01 
20131103 ;72;47;38;89;42;66;71;72;28;79;12;32;49;50;94;93;18;77;00;34;39;44;68;66;73;83;75 
20131104 ;71;24;42;89;79;53;99;59;60;46;29;59;05;24;21;55;61;73;32;42;26;96;40;33;85;47;29 
20131105 ;67;29;39;47;57;25;26;92;55;58;75;70;24;31;93;08;72;50;66;41;31;08;10;02;03;22;38 
20131106 ;03;22;33;48;22;94;01;85;19;52;43;64;17;98;42;76;84;41;65;18;38;45;87;90;25;95;54 
20131107 ;33;18;02;03;27;35;14;05;32;43;96;28;74;02;55;34;33;93;10;48;10;15;16;11;47;57;96 
20131108 ;80;61;95;07;92;26;75;46;46;18;79;86;74;51;41;82;35;99;92;87;09;81;91;89;76;32;29 
20131109 ;59;86;80;18;52;66;70;48;85;46;80;58;69;42;00;60;93;36;80;71;83;27;56;76;99;27;94 
20131110 ;67;42;83;76;54;87;41;47;21;93;05;72;61;04;30;10;05;19;38;75;61;50;62;55;09;37;07 
20131111 ;59;09;17;48;00;64;46;29;92;27;44;98;17;79;11;10;40;54;85;26;60;70;11;36;40;65;56 
20131112 ;59;04;32;51;74;45;11;89;07;62;02;62;85;92;16;21;64;68;19;49;05;25;76;27;38;97;32 
20131113 ;35;88;59;00;48;45;58;61;26;84;11;23;52;08;53;89;00;54;46;87;57;09;43;42;54;69;13 
20131114 ;71;38;12;38;89;43;52;41;53;96;79;13;75;07;51;69;84;70;36;39;66;74;91;32;42;16;12 
20131115 ;94;86;28;36;22;17;02;92;61;42;10;51;37;37;89;90;24;78;20;14;78;51;92;73;14;80;05 
20131116 ;06;39;69;71;41;91;39;52;70;34;12;40;09;77;13;75;51;44;75;03;89;85;78;31;69;35;07 
20131117 ;98;05;50;85;86;78;84;68;09;61;13;57;04;23;77;02;87;48;89;63;60;47;04;63;50;73;85 
20131118 ;75;03;83;04;33;99;52;49;80;84;11;32;19;23;29;78;59;71;57;91;26;68;37;91;57;01;84 
20131119 ;46;61;48;68;91;05;17;11;98;86;36;67;74;54;44;59;78;69;06;61;86;46;62;63;43;86;62 
20131120 ;41;42;74;42;94;30;46;54;98;60;48;86;53;84;47;14;37;14;41;76;51;23;67;65;76;03;98 
20131121 ;72;85;21;02;83;81;25;08;88;64;28;62;72;66;43;22;31;52;35;68;90;84;45;20;89;42;13 
20131122 ;80;40;75;57;74;91;79;62;80;43;90;38;99;31;22;80;32;61;46;61;18;24;23;78;34;74;50 
20131123 ;83;62;00;39;66;02;97;78;43;97;32;84;79;37;54;29;58;45;43;94;35;16;79;38;88;24;12 
20131124 ;78;85;87;01;49;34;99;74;76;58;31;80;85;23;92;88;15;00;99;20;37;69;15;82;34;92;58 
20131125 ;29;70;54;50;64;65;63;37;18;42;64;76;95;57;29;47;25;78;18;70;17;51;72;98;33;07;95 
20131126 ;61;66;08;67;24;10;93;73;43;74;02;52;44;75;42;00;79;22;21;18;06;84;82;91;28;42;09 
20131127 ;34;91;98;81;22;37;15;79;26;59;12;40;35;25;38;07;59;89;22;23;71;19;18;39;73;12;08 
20131128 ;92;58;52;52;19;28;62;48;35;97;89;45;14;69;86;98;61;17;33;27;01;60;81;71;08;37;02 
20131129 ;48;12;37;12;72;52;41;11;30;12;85;26;60;24;72;06;29;79;39;34;90;25;88;17;11;79;93 
20131130 ;53;55;10;52;24;61;76;96;71;28;23;51;33;20;87;44;56;80;36;79;50;76;32;91;79;27;89 
20131201 ;32;69;06;03;13;81;84;81;56;96;16;06;45;62;55;40;01;86;88;64;06;95;61;32;68;33;46 
20131202 ;76;32;26;72;57;23;19;68;50;73;19;85;41;89;40;24;31;61;75;98;64;48;66;84;29;23;34 
20131203 ;76;64;62;20;31;64;64;84;60;20;53;99;94;51;30;78;07;43;65;67;49;33;83;06;04;33;78 
20131204 ;85;96;56;78;09;72;58;54;64;25;30;15;00;22;53;72;79;54;50;41;37;67;98;51;65;31;10 
20131205 ;42;09;79;11;35;14;16;73;56;37;33;41;84;79;25;58;46;72;53;56;53;74;81;99;28;69;03 
20131206 ;07;63;28;31;67;18;44;79;72;23;38;71;99;04;44;20;22;67;44;70;06;22;59;02;75;88;92 
20131207 ;14;40;96;50;62;81;05;59;25;05;82;41;95;00;34;98;22;36;60;23;76;37;68;24;67;01;73 
20131208 ;63;49;70;86;85;85;54;53;89;15;00;24;12;48;94;65;47;60;89;40;09;33;51;61;18;23;13 
20131209 ;06;40;38;43;95;17;88;89;81;44;70;12;36;19;78;61;06;84;92;86;41;65;62;71;89;10;81 
20131210 ;99;98;42;99;16;98;03;90;29;97;98;46;38;29;55;25;60;40;62;28;50;92;17;94;19;21;75 
20131211 ;75;75;07;85;17;64;02;00;30;30;86;57;71;97;67;37;79;06;72;25;65;17;74;17;03;50;31 
20131212 ;30;65;24;34;10;89;04;17;24;86;63;88;58;41;32;72;99;78;86;15;06;78;68;95;61;10;64 
20131213 ;77;23;20;40;32;44;59;81;63;03;59;52;99;45;18;31;24;45;66;20;40;11;81;45;34;94;56 
20131214 ;56;71;94;16;16;04;16;24;88;98;54;69;50;75;17;08;38;11;40;29;13;61;09;01;31;33;77 
20131215 ;03;38;78;81;85;82;76;03;88;81;69;86;76;68;44;17;80;37;32;59;67;69;41;02;73;39;41 
20131216 ;21;52;62;32;74;71;90;17;87;29;27;77;99;37;79;14;74;49;87;58;65;57;19;42;06;31;47 
20131217 ;73;11;59;66;80;55;87;74;67;00;99;13;19;42;44;88;47;85;28;16;40;49;16;44;28;26;80 
20131218 ;76;74;25;86;45;24;94;86;65;07;67;65;91;94;87;53;26;02;30;08;09;04;67;22;11;71;01 
20131219 ;42;39;11;62;47;18;81;46;59;29;52;02;15;84;16;02;95;41;49;78;50;18;35;71;34;18;37 
20131220 ;78;54;63;82;31;04;06;99;84;27;42;41;84;25;29;21;01;82;56;32;28;87;86;78;47;68;56 
20131221 ;21;21;97;74;00;44;67;85;39;02;68;52;76;83;49;37;25;78;31;01;88;50;41;94;25;38;34 
20131222 ;55;22;17;63;60;80;37;05;35;61;64;22;25;88;13;55;94;92;04;19;02;57;94;94;09;74;31 
20131223 ;38;08;64;84;19;85;26;99;95;49;75;50;67;38;20;20;21;79;69;26;21;57;80;93;79;24;57 
20131224 ;32;62;59;82;20;81;04;60;64;14;69;14;58;14;30;86;84;41;41;92;24;64;43;78;61;75;01 
20131225 ;22;20;28;57;38;53;26;04;28;74;86;81;64;57;31;75;12;13;92;15;17;96;80;17;76;21;71 
20131226 ;12;04;14;92;38;75;27;90;36;93;97;66;15;23;33;08;92;35;18;74;59;57;17;16;54;75;88 
20131227 ;74;50;59;50;38;60;87;30;22;45;77;98;68;24;76;32;81;40;56;98;88;87;63;86;44;05;66 
20131228 ;22;02;84;08;55;46;54;62;01;65;24;49;86;37;68;88;95;11;58;03;43;78;20;44;22;16;50 
20131229 ;87;25;98;99;87;56;33;74;21;86;74;47;31;30;34;37;39;36;66;34;54;29;15;62;67;92;38 
20131230 ;06;01;55;76;64;68;15;71;91;74;90;52;64;40;66;19;68;82;64;20;95;79;35;78;00;67;63 
20131231 ;22;33;63;98;72;14;73;68;38;61;09;19;99;53;87;47;22;94;78;75;39;31;81;42;35;26;08 
20140101 ;32;51;80;17;58;49;06;23;35;97;80;30;55;72;48;19;41;23;94;62;14;63;37;59;29;46;98 
20140102 ;57;92;03;64;22;09;58;09;40;55;83;84;38;69;52;11;30;17;41;59;71;97;07;08;26;14;80 
20140103 ;76;66;07;41;53;92;18;59;47;46;69;97;75;95;93;80;50;38;98;37;20;69;81;98;38;36;17 
20140104 ;29;62;33;10;81;71;41;29;99;45;02;03;66;59;40;55;04;23;53;27;09;76;92;20;17;31;95 
20140105 ;67;48;54;89;73;91;40;62;73;87;74;74;72;32;79;54;12;11;45;66;44;90;79;57;44;87;68 
20140106 ;57;42;04;83;21;15;87;46;90;60;67;92;28;66;34;72;60;72;09;89;89;54;82;90;76;65;72 
20140107 ;45;24;73;44;32;62;85;74;54;79;14;47;01;69;21;37;51;91;76;24;29;25;43;69;77;99;57 
20140108 ;91;33;99;50;19;74;02;73;30;68;33;15;44;79;32;49;51;79;22;52;53;72;03;97;46;58;69 
20140109 ;83;87;76;32;50;14;83;49;89;06;78;18;55;19;72;19;21;91;70;01;57;56;40;64;15;55;80 
20140110 ;14;55;78;97;98;77;65;78;52;35;95;93;44;17;42;12;32;86;98;94;53;62;15;74;22;42;72 
20140111 ;23;68;44;48;16;25;27;90;55;50;45;44;43;45;49;46;23;38;39;42;69;90;94;75;24;37;27 
20140112 ;72;18;56;59;40;02;14;24;61;16;58;31;17;94;60;19;45;32;13;78;25;30;03;64;46;88;82 
20140113 ;65;02;13;96;29;72;18;25;24;84;20;59;67;17;38;27;31;40;38;21;72;26;02;23;51;25;52 
20140114 ;74;74;52;45;86;54;83;81;87;88;28;29;89;40;99;83;75;91;42;03;55;19;61;18;82;78;55 
20140115 ;70;54;16;20;69;77;01;78;61;47;19;85;16;58;35;15;21;48;45;28;74;95;75;06;09;92;94 
20140116 ;26;66;97;91;87;94;07;32;54;03;76;70;13;17;60;79;59;81;06;37;33;79;74;82;74;57;07 
20140117 ;39;60;44;55;61;25;21;28;85;28;82;19;54;87;97;88;07;55;42;17;63;69;90;51;32;26;57 
20140118 ;65;19;83;40;64;96;01;15;55;22;52;96;03;30;30;50;40;76;22;70;89;48;22;82;80;73;91 
20140119 ;53;82;74;83;70;03;79;47;91;07;86;53;57;21;61;27;87;61;74;68;69;13;00;87;54;86;65 
20140120 ;98;91;79;12;38;12;76;71;53;07;44;27;37;93;26;25;36;75;38;60;82;28;87;61;96;71;03 
20140121 ;72;47;81;51;13;08;91;89;06;41;51;11;99;47;71;78;18;12;80;86;49;91;79;12;38;88;39 
20140122 ;58;48;90;18;67;31;39;09;64;38;57;67;91;51;43;15;47;71;21;46;56;11;12;78;69;75;82 
20140123 ;02;39;24;86;53;57;72;30;64;22;06;13;04;28;53;40;98;14;39;92;41;35;96;31;28;65;05 
20140124 ;51;92;59;01;34;66;26;76;67;56;77;73;42;71;36;13;06;95;44;44;11;11;37;22;25;29;06 
20140125 ;84;78;00;97;83;64;74;28;89;45;33;39;68;92;90;82;69;87;55;15;28;15;63;13;62;33;46 
20140126 ;58;62;89;80;66;84;75;75;11;19;57;45;73;59;62;17;02;51;43;16;63;24;82;72;50;86;13 
20140127 ;63;40;31;12;80;88;09;77;43;46;21;74;45;65;01;75;08;55;26;22;41;97;21;72;91;63;80 
20140128 ;62;09;25;50;28;17;95;55;33;02;94;82;40;83;29;42;36;14;06;98;55;55;80;78;07;44;23 
20140129 ;99;58;15;71;64;37;86;98;54;63;27;85;22;00;88;74;79;95;78;69;42;67;16;00;26;72;39 
20140203 ;16;81;98;93;86;68;12;55;25;47;36;96;02;02;29;23;81;12;75;70;39;66;15;22;61;75;38 
20140204 ;24;02;15;90;81;94;19;25;26;49;41;72;87;09;25;16;15;21;59;60;66;37;62;64;55;91;67 
20140205 ;66;09;29;95;03;83;44;03;57;10;31;52;10;97;27;62;34;74;29;90;32;13;40;26;85;35;71 
20140206 ;33;98;57;99;16;31;67;68;30;73;42;73;92;49;73;91;17;43;33;34;72;53;17;96;74;62;18 
20140207 ;14;96;35;47;18;81;48;27;73;87;07;23;84;65;15;09;34;34;97;65;72;56;17;68;33;66;52 
20140208 ;45;67;72;74;97;15;12;12;33;42;01;45;19;32;01;56;26;25;52;06;94;02;45;65;61;53;25 
20140209 ;48;00;49;24;35;03;32;16;45;82;91;17;07;26;33;05;74;60;42;50;02;05;62;79;21;28;53 
20140210 ;29;05;43;49;51;04;16;32;94;41;16;72;94;94;52;27;43;48;22;25;03;15;66;05;22;72;83 
20140211 ;01;15;59;16;47;90;32;23;26;37;24;17;39;58;54;05;99;21;70;13;32;09;60;57;09;00;32 
20140212 ;95;82;48;29;47;18;01;27;39;03;27;28;70;42;17;64;94;03;21;02;60;44;85;30;79;68;20 
20140213 ;08;23;52;84;10;26;62;00;28;80;94;08;02;04;26;23;78;22;96;69;88;96;24;58;59;33;63 
20140214 ;79;10;36;75;18;24;87;61;11;53;88;76;22;06;88;66;29;02;27;99;03;20;10;47;39;35;19 
20140215 ;36;73;50;77;83;05;51;67;95;62;41;66;09;52;15;80;50;85;09;09;67;19;62;96;43;32;68 
20140216 ;12;58;36;40;46;44;19;33;13;52;30;67;85;13;75;72;66;78;85;12;11;63;78;76;90;13;97 
20140217 ;96;14;10;22;32;24;47;26;05;42;14;71;76;92;32;28;14;98;10;73;47;39;73;03;45;36;16 
20140218 ;37;55;82;76;90;87;72;29;14;29;01;36;64;39;54;58;74;87;59;46;58;45;77;56;55;63;08 
20140219 ;64;83;03;30;75;98;18;05;46;45;12;10;84;66;06;82;92;74;16;74;35;97;44;54;64;47;82 
20140220 ;56;66;02;61;65;90;32;19;36;04;41;13;17;17;30;12;92;68;00;76;82;21;50;78;24;86;17 
20140221 ;89;83;88;38;23;45;05;07;83;73;31;21;48;70;48;82;41;54;92;79;76;63;20;15;74;53;76 
20140222 ;17;30;37;32;47;55;36;72;75;19;66;33;71;11;96;87;06;61;52;82;48;89;83;99;55;97;58 
20140223 ;14;45;36;05;12;84;84;54;16;54;73;84;69;93;05;56;43;38;78;54;12;80;48;45;80;19;22 
20140224 ;47;16;03;98;07;57;21;62;47;29;30;44;92;26;80;44;62;60;29;67;87;93;48;37;63;62;52 
20140225 ;42;67;16;10;43;20;38;20;92;51;90;08;21;43;92;33;16;47;54;51;70;65;19;65;00;06;78 
20140225 ;08;52;19;35;62;24;91;45;20;13;64;65;41;84;65;16;61;42;44;16;00;97;68;47;02;21;33 
20140227 ;48;70;62;38;58;16;29;65;59;17;86;29;70;62;04;54;12;97;81;67;49;75;92;54;47;73;53 
20140228 ;36;41;47;09;17;78;19;68;31;15;98;25;04;28;84;78;54;38;49;07;94;17;74;94;32;30;18 
20140301 ;15;35;06;64;94;45;23;35;22;49;95;58;36;01;11;65;96;21;53;52;82;91;22;00;87;07;83 
20140302 ;01;65;00;36;17;38;67;91;44;84;73;14;34;04;01;11;78;97;00;83;47;37;97;88;23;99;42 
20140303 ;79;42;23;13;24;87;39;17;38;91;37;09;33;55;88;01;77;30;98;93;69;57;17;19;33;12;87 
20140304 ;36;55;15;41;31;69;64;12;26;99;90;45;49;72;78;61;54;76;84;67;20;30;47;37;56;06;04 
20140305 ;82;12;37;70;10;37;48;14;43;17;84;40;05;54;08;74;15;52;70;15;47;82;43;08;16;64;21 
20140306 ;60;59;89;13;78;62;57;84;84;58;48;75;94;44;94;14;53;30;76;96;22;21;29;08;63;49;03 
20140307 ;90;57;39;66;63;82;48;72;75;57;03;35;14;36;77;98;08;56;20;32;61;86;26;55;79;21;70 
20140308 ;11;28;96;70;50;51;47;38;75;50;44;10;90;31;48;90;14;34;08;48;34;47;24;39;79;14;65 
20140309 ;25;81;95;23;63;46;12;82;83;25;64;61;65;21;45;40;70;37;69;13;08;10;17;17;49;27;19 
20140310 ;57;64;61;94;86;19;43;93;04;43;02;74;57;65;51;65;88;79;59;70;43;76;11;19;64;59;03 
20140311 ;30;89;43;10;10;12;14;90;73;04;74;17;86;05;74;75;00;37;80;92;25;44;93;39;61;11;22 
20140312 ;95;23;07;04;79;52;73;92;54;58;94;71;08;59;10;25;03;08;18;27;18;64;58;88;30;34;78 
20140313 ;34;84;66;45;99;68;52;46;69;15;47;57;93;72;90;58;15;00;08;30;51;17;09;52;09;78;32 
20140314 ;27;80;18;85;65;78;83;17;77;50;38;22;76;20;68;73;48;97;14;92;08;39;02;36;79;48;25 
20140315 ;65;26;06;25;56;48;87;48;67;54;76;73;54;74;04;41;56;85;40;11;57;37;98;09;45;98;04 
20140316 ;36;78;37;18;87;25;39;82;85;72;87;38;54;17;57;85;70;02;48;42;67;03;76;09;50;03;91 
20140317 ;85;02;18;12;37;70;05;23;00;03;86;80;02;14;62;41;11;28;71;15;27;94;23;43;32;17;41 
20140318 ;11;70;51;93;75;02;39;59;89;32;93;56;52;89;78;00;63;88;29;19;80;16;93;31;91;60;14 
20140319 ;58;72;97;05;12;33;32;86;44;06;98;70;51;00;68;29;88;51;22;76;38;17;63;20;31;98;54 
20140320 ;84;60;49;28;13;45;11;32;74;83;01;55;77;22;72;51;62;78;42;97;53;87;52;70;25;18;99 
20140321 ;53;13;67;31;97;06;72;06;06;16;33;57;31;40;63;86;45;80;35;10;90;41;01;14;36;35;55 
20140322 ;61;28;50;16;02;06;55;34;41;28;88;34;48;03;33;53;93;44;35;33;75;04;63;49;45;47;41 
20140323 ;94;23;47;96;34;11;35;56;57;04;89;17;42;19;01;91;85;79;79;36;92;37;35;55;52;97;96 
20140324 ;17;77;18;95;46;17;48;18;77;29;90;47;06;57;25;91;63;73;54;60;89;13;28;89;99;78;63 
20140325 ;88;45;11;36;02;28;49;40;30;66;62;30;01;07;84;13;43;83;58;38;23;23;84;54;76;75;74 
20140326 ;82;95;84;07;55;36;48;40;53;21;07;85;30;42;67;19;78;07;90;86;02;64;41;94;18;86;27 
20140327 ;35;24;35;41;53;30;27;39;01;01;73;66;99;33;11;65;68;29;78;76;77;61;37;45;04;68;49 
20140328 ;11;61;45;98;02;68;89;59;47;24;69;65;50;28;18;30;21;89;59;57;58;80;86;09;90;73;80 
20140329 ;22;41;37;52;76;76;46;81;04;88;60;11;78;40;72;08;75;13;03;10;58;28;00;88;70;20;65 
20140330 ;74;23;55;29;82;41;28;81;65;09;46;74;85;81;31;89;55;61;48;95;51;94;79;41;93;40;50;
20140331 ;84;10;94;74;27;67;20;74;74;42;10;92;54;63;96;54;17;03;28;18;74;39;14;72;00;17;21;
20140401 ;41;58;42;97;25;38;64;34;99;16;93;87;91;35;78;24;04;78;05;03;43;05;40;98;30;96;53;
20140402 ;67;95;89;68;73;73;92;10;58;87;43;13;44;34;79;56;43;82;83;32;99;26;39;58;55;28;26;
20140403 ;76;36;06;59;48;11;19;77;33;26;85;75;74;29;67;99;15;00;06;60;19;03;18;44;72;58;28;
20140404 ;93;02;14;31;86;01;89;21;99;40;25;91;80;88;87;92;54;05;84;95;40;43;11;44;39;48;96;
20140405 ;55;36;97;43;33;25;40;60;14;18;61;62;27;87;08;40;06;28;66;50;89;43;60;19;42;62;33;
20140406 ;09;62;19;14;27;75;69;79;67;51;06;34;26;08;24;93;69;99;25;52;03;98;98;33;30;48;76;
20140407 ;68;90;88;22;51;43;04;00;64;66;40;23;41;84;56;04;08;78;42;97;78;95;48;41;20;02;42;
20140408 ;12;34;84;44;40;72;36;21;07;29;85;72;36;35;22;04;14;82;59;29;66;63;35;21;56;88;01;
20140409 ;41;18;64;78;22;91;55;14;15;16;76;12;49;28;97;29;30;22;96;36;53;63;33;46;74;73;39;
20140410 ;74;36;45;04;31;79;09;03;61;98;19;40;55;79;89;39;52;29;10;29;87;79;20;54;29;34;55;
20140411 ;33;13;74;11;98;17;80;07;29;87;07;15;37;32;71;04;21;09;03;63;74;95;93;82;94;50;09;
20140412 ;34;90;27;88;56;68;10;47;78;38;35;12;53;31;80;63;80;44;42;25;53;35;68;27;70;43;73;
20140413 ;67;07;22;03;42;97;00;72;85;23;12;83;58;28;96;29;16;23;32;07;97;78;43;07;69;62;67;
20140414 ;73;29;64;61;58;61;93;26;76;69;62;86;29;23;94;36;43;68;34;27;85;03;74;35;62;69;03;
20140415 ;43;45;11;39;74;88;40;41;21;19;70;28;85;54;64;21;69;65;45;24;30;72;53;85;46;20;36;
20140416 ;06;48;85;02;84;58;52;03;79;15;50;21;47;16;53;19;21;08;77;49;30;50;41;60;56;20;25;
20140417 ;10;64;42;35;12;69;17;33;56;54;25;13;50;19;91;66;59;60;35;39;75;59;04;93;16;82;35;
20140418 ;71;60;52;36;88;48;14;27;98;66;52;98;49;97;48;78;56;79;62;07;78;10;27;79;99;03;32;
20140419 ;74;11;45;02;90;17;11;71;98;27;90;30;70;04;77;60;76;20;50;00;20;66;26;27;43;32;25;
20140420 ;08;68;12;52;05;99;84;67;63;65;44;09;21;99;86;26;09;97;40;98;11;54;88;84;88;38;83;
20140421 ;40;34;37;86;96;84;75;44;44;19;48;41;84;68;97;17;87;64;89;98;69;75;62;18;42;28;93;
20140422 ;55;17;66;05;61;87;22;35;22;58;45;14;22;03;63;58;34;35;06;56;73;58;97;81;28;01;16;
20140423 ;63;01;45;52;86;94;97;56;75;97;74;41;68;94;37;58;88;22;28;42;94;84;33;54;04;12;73;
20140424 ;69;81;82;10;56;12;69;33;33;97;84;47;73;63;12;28;44;96;75;93;19;76;06;49;80;19;53;
20140425 ;77;30;26;75;35;49;31;64;59;44;48;58;78;38;24;84;84;55;54;19;40;31;71;30;51;63;03;
20140426 ;61;75;00;45;02;17;73;52;42;85;61;08;84;49;59;62;30;11;52;61;47;31;16;07;40;28;39;
20140427 ;54;03;49;50;65;63;24;27;80;29;05;64;69;32;37;87;01;31;09;25;29;04;98;42;50;78;15;
20140428 ;78;11;04;65;58;08;72;51;06;54;24;03;49;88;37;11;71;60;88;57;52;76;97;40;92;83;54;
20140429 ;51;08;66;45;47;99;59;66;75;35;86;68;96;89;75;28;47;26;60;39;02;64;44;33;39;31;23;
20140430 ;68;20;63;13;58;41;75;29;21;86;92;08;64;38;42;19;26;10;35;52;24;88;40;83;09;43;87;
20140501 ;94;26;62;15;42;39;96;53;54;69;98;87;70;42;83;70;51;08;31;64;92;04;33;80;87;76;40;
20140502 ;52;32;58;35;19;23;39;23;09;37;81;86;85;67;39;19;42;20;48;37;98;16;52;98;28;09;01;
20140503 ;71;70;28;11;32;97;01;04;11;06;73;20;03;96;41;32;83;29;12;06;68;64;01;60;92;38;04;
20140504 ;09;11;93;15;13;23;65;44;73;51;89;42;02;39;30;63;51;82;17;36;67;61;81;18;91;79;29;
20140505 ;47;54;94;68;66;96;04;79;40;65;63;33;49;91;79;38;26;93;99;05;01;57;19;75;34;11;14;
20140506 ;48;79;93;01;12;94;69;78;50;79;00;91;16;75;74;44;79;57;35;14;69;74;21;37;19;76;14;
20140507 ;27;03;86;28;22;02;21;93;44;24;20;85;29;06;00;59;67;72;35;90;54;29;90;46;65;88;75;
20140508 ;85;60;83;85;52;32;55;17;44;52;27;31;24;50;08;43;68;92;17;58;96;74;58;50;69;14;88;
20140509 ;62;45;86;79;71;21;05;91;79;24;50;95;16;41;17;57;11;49;32;81;27;46;08;54;10;09;41;
20140510 ;42;97;98;21;65;39;10;35;76;15;44;70;71;21;54;36;26;74;54;71;72;04;84;39;40;75;93;
20140511 ;77;76;84;69;79;04;14;64;92;45;83;69;54;51;17;62;43;71;52;93;89;14;85;63;78;85;61;
20140512 ;03;65;15;48;65;26;25;39;27;58;47;96;72;29;93;85;20;40;62;73;05;72;78;75;38;07;18;
20140513 ;85;36;61;18;45;71;43;73;84;71;60;11;10;23;36;95;82;89;45;47;57;01;30;42;73;93;56;
20140514 ;11;94;45;18;51;86;87;88;81;31;87;41;00;88;02;51;89;82;80;05;49;55;04;39;02;34;96;
20140515 ;13;99;57;59;87;86;54;28;22;31;09;62;03;22;60;71;78;41;58;71;01;88;43;31;97;43;32;
20140516 ;53;68;67;18;77;41;79;30;81;37;75;86;53;68;09;03;82;02;93;06;34;36;38;37;01;76;55;
20140517 ;99;70;53;52;99;89;90;49;76;43;96;84;84;03;07;40;36;67;82;74;10;14;61;26;24;02;04;
20140518 ;47;72;61;59;70;06;26;40;79;69;97;10;28;85;24;98;61;39;67;17;66;00;87;90;38;89;57;
20140519 ;30;84;41;63;10;10;70;31;60;04;79;23;91;40;32;15;28;28;24;48;68;12;02;25;57;31;42;
20140520 ;00;00;57;19;52;54;41;81;20;99;41;62;74;50;34;10;00;81;16;09;21;15;52;88;57;51;78;
20140521 ;96;94;86;16;83;92;19;67;63;54;72;01;77;14;64;54;08;28;69;47;37;31;60;74;99;19;78;
20140522 ;29;92;95;21;56;18;89;43;07;87;90;64;67;24;52;94;02;13;40;96;80;13;47;77;21;59;54;
20140523 ;96;43;61;33;26;05;03;85;65;49;02;23;14;05;97;01;42;81;39;21;46;26;55;80;01;61;54;
20140524 ;54;54;38;40;76;09;82;52;70;20;61;88;99;92;92;73;65;95;76;62;93;95;00;66;03;83;20;
20140525 ;54;87;11;42;81;02;36;44;40;38;40;24;75;77;81;94;16;09;38;34;22;68;97;95;14;83;49;
20140526 ;45;51;37;29;26;80;33;04;30;47;92;53;09;22;71;68;91;64;24;91;59;95;36;11;56;34;12;
20140527 ;66;54;41;03;37;98;95;57;97;99;55;11;10;18;94;45;22;21;88;05;10;01;68;04;54;47;70;
20140528 ;97;09;73;96;93;94;99;93;24;36;10;55;31;64;33;19;03;23;51;27;43;08;52;71;64;92;51;
20140529 ;14;65;53;31;61;39;99;81;49;90;48;09;45;27;92;14;68;88;41;30;07;98;75;02;47;29;19;
20140530 ;22;32;04;40;84;50;61;21;47;28;71;94;42;01;88;04;63;30;91;59;79;11;23;64;09;06;82;
20140531 ;70;71;63;22;32;99;35;77;80;20;42;09;88;08;80;77;99;41;24;27;27;74;55;21;09;00;45;
20140601 ;33;05;38;87;86;68;39;89;21;14;56;03;22;39;77;47;68;03;01;84;58;33;33;03;27;70;57;
20140602 ;18;81;38;57;41;94;74;30;73;56;79;56;10;95;21;07;08;28;70;90;09;79;64;32;67;45;20;
20140603 ;06;49;55;14;31;42;38;78;27;47;57;86;25;39;17;99;66;12;86;72;93;75;09;44;63;98;72;
20140604 ;11;00;62;29;78;00;71;67;93;16;80;57;07;26;56;23;44;02;40;03;77;93;17;83;31;92;89;
20140605 ;98;01;29;11;49;20;37;08;76;79;44;44;76;75;09;69;53;45;37;87;78;77;18;28;46;48;24;
20140606 ;41;96;49;67;61;16;73;78;44;19;69;80;15;70;71;81;66;51;68;87;47;00;15;24;99;07;59;
20140607 ;39;90;45;19;82;15;41;46;53;08;18;10;39;68;64;33;62;86;65;13;87;49;62;24;07;56;86;
20140608 ;79;08;31;67;60;17;18;32;56;21;67;53;39;85;35;72;63;16;73;96;79;88;17;11;31;86;15;
20140609 ;60;28;28;35;75;55;60;23;16;03;46;72;87;93;30;70;15;15;70;11;16;29;96;50;58;47;91;
20140610 ;89;79;62;81;18;76;88;70;94;25;07;54;81;56;79;06;11;40;67;57;98;16;64;25;40;93;73;
20140611 ;51;26;65;05;16;32;53;94;40;57;68;32;92;35;46;73;56;31;79;11;09;46;91;82;75;49;46;
20140612 ;52;73;94;23;26;05;86;00;47;20;33;34;22;37;32;87;50;79;21;24;95;54;33;21;29;26;61;
20140613 ;85;82;29;41;04;39;15;14;26;87;14;89;89;09;87;25;26;86;34;17;98;76;90;35;45;69;63;
20140614 ;39;58;79;29;27;32;02;76;11;40;64;34;17;79;16;99;88;96;64;21;46;87;08;75;00;96;72;
20140615 ;39;21;30;80;29;23;44;30;27;09;48;41;66;76;03;40;11;15;88;13;11;24;48;10;21;94;65;
20140616 ;38;79;28;09;94;72;31;07;77;14;90;26;17;86;00;10;12;89;61;45;77;30;96;87;06;00;27;
20140617 ;63;74;09;76;43;74;93;83;74;23;01;04;81;72;27;21;02;80;45;07;06;18;98;22;00;90;39;
20140618 ;43;72;63;37;44;63;47;86;27;70;63;63;69;47;94;70;15;25;87;42;24;85;22;97;61;07;96;
20140619 ;44;54;94;40;63;08;65;53;53;55;47;29;67;93;90;59;20;72;03;23;05;52;70;26;29;81;25;
20140620 ;60;13;26;48;92;93;80;59;22;69;59;95;82;13;46;20;73;75;08;50;43;73;32;53;37;90;04;
20140621 ;12;75;54;68;52;62;34;97;62;83;76;94;64;41;09;51;51;28;97;33;40;95;86;96;51;98;76;
20140622 ;38;46;30;16;63;62;21;91;75;28;76;41;98;95;35;82;51;22;91;74;44;37;98;95;90;24;70;
20140623 ;42;13;10;67;82;20;82;43;44;90;99;81;45;12;70;47;80;70;36;32;55;74;06;60;41;94;62;
20140624 ;85;48;13;02;79;65;38;57;43;21;87;66;07;05;31;98;03;07;73;95;71;92;42;62;96;17;57;
20140625 ;57;17;92;10;80;66;19;65;50;29;64;25;35;23;66;20;80;56;23;65;29;29;54;85;28;53;41;
20140626 ;94;09;02;04;96;16;10;07;34;22;73;14;57;62;96;76;54;04;03;05;28;44;47;51;55;79;20;
20140627 ;40;85;41;58;23;19;36;54;60;63;73;67;96;92;83;54;63;76;22;88;44;93;99;83;99;41;90;
20140628 ;40;42;02;62;87;53;97;62;14;78;38;69;96;78;27;71;72;63;11;91;17;40;75;62;49;08;11;
20140629 ;31;38;97;96;37;24;63;41;72;32;92;90;55;78;48;73;47;46;06;61;18;42;19;06;46;43;62;
20140630 ;44;28;32;32;31;26;64;72;13;73;03;17;37;89;24;27;32;02;74;86;35;42;69;73;99;01;51; 
20140701 ;33;58;23;35;13;19;28;82;89;87;73;22;19;95;51;42;15;15;60;84;72;82;32;34;47;35;83;
20140702 ;60;53;99;11;75;43;81;02;69;50;15;24;02;07;34;79;68;88;69;59;11;68;41;78;11;33;43;
20140703 ;96;65;25;90;04;82;30;01;73;52;99;44;26;38;13;22;43;31;69;11;76;07;28;76;19;90;87;
20140704 ;21;95;40;42;81;82;68;43;70;64;81;14;83;10;87;83;33;88;38;02;43;54;84;27;98;96;50;
20140705 ;15;38;40;35;85;24;65;52;34;93;42;20;95;72;38;41;88;28;21;74;13;34;79;63;31;09;80;
20140706 ;45;74;40;81;69;79;20;76;08;89;20;32;99;16;18;59;06;23;91;98;94;48;77;17;26;97;94;
20140707 ;50;09;40;01;20;00;87;54;12;00;29;59;03;95;90;79;05;69;33;22;90;42;51;65;84;55;86;
20140708 ;36;94;21;92;37;00;51;77;43;88;36;47;72;84;54;66;73;78;81;05;54;45;84;71;34;37;35;
20140709 ;34;42;86;72;99;16;81;09;34;99;91;63;24;64;18;50;42;60;52;14;97;78;21;26;84;97;76;
20140710 ;16;52;10;69;85;04;10;70;69;13;52;37;00;76;69;54;50;57;01;59;87;35;24;11;52;58;61;
20140711 ;52;65;68;68;79;25;67;58;38;25;67;04;01;28;64;17;40;65;78;09;71;45;57;70;30;60;99;
20140712 ;46;61;57;45;18;70;06;00;47;45;40;86;77;11;10;84;01;83;62;96;96;95;93;10;49;60;41;
20140713 ;82;83;99;23;63;49;01;03;07;37;62;30;34;62;34;31;42;73;45;53;50;96;71;90;43;06;15;
20140714 ;34;60;14;02;37;06;34;45;92;29;68;57;77;00;20;70;11;67;43;89;56;01;22;35;63;38;42;
20140715 ;81;54;59;20;48;11;44;62;49;86;74;62;34;20;13;49;73;73;25;70;20;97;09;99;45;96;95;
20140716 ;55;50;21;20;00;76;14;31;87;03;43;57;37;30;99;07;71;15;38;65;08;31;01;33;91;44;56;
20140717 ;16;03;79;51;61;00;75;60;89;36;73;31;51;09;62;80;81;60;79;28;66;33;63;18;30;69;65;
20140718 ;75;12;58;67;43;20;61;60;90;59;10;84;40;28;86;96;23;51;60;02;37;09;77;68;83;65;06;
20140719 ;41;13;02;80;26;60;37;61;14;98;87;59;42;36;77;34;35;98;74;33;36;87;35;63;50;19;88;
20140720 ;26;41;24;64;12;98;16;52;80;03;84;09;48;97;20;17;16;51;85;81;49;71;34;49;07;47;97;
20140721 ;78;92;33;65;86;50;52;35;59;62;61;88;45;56;42;88;16;77;50;77;06;76;47;02;12;62;63;
20140722 ;91;90;17;85;36;72;35;24;44;92;70;13;14;06;20;18;52;86;25;24;48;71;00;16;52;79;83;
20140723 ;64;00;60;89;74;61;29;06;41;89;98;49;86;93;40;76;58;21;43;71;00;57;47;35;51;05;56;
20140724 ;87;72;63;02;30;99;67;48;41;68;06;91;72;87;98;48;47;72;09;53;64;17;69;88;00;12;54;
20140725 ;99;82;71;36;94;35;25;91;60;72;72;77;02;20;19;67;95;63;54;76;80;15;61;90;61;40;95;
20140726 ;43;38;32;00;83;18;23;97;77;13;39;24;64;92;93;89;29;99;18;50;54;07;27;12;81;04;74;
20140727 ;63;89;82;55;90;01;58;28;73;05;12;37;84;57;29;34;39;22;43;92;61;71;93;19;38;09;56;
20140728 ;24;02;08;85;34;04;85;61;62;81;65;90;00;03;45;97;04;10;68;32;24;18;93;15;96;74;89;
20140729 ;28;92;73;86;16;19;73;62;83;62;05;48;83;04;53;60;85;33;71;68;40;82;78;28;27;62;81;
20140730 ;70;02;96;04;10;72;03;32;22;16;12;96;61;15;00;53;53;16;93;78;43;81;02;91;85;22;55;
20140731 ;82;21;45;08;61;11;98;38;23;58;33;14;94;70;28;20;47;79;28;81;36;04;71;16;28;53;98;
20140801 ;88;05;77;26;73;44;08;20;62;92;31;74;85;36;63;52;92;83;37;94;89;26;22;17;11;36;89;
20140802 ;45;08;04;18;49;11;35;34;72;31;33;68;41;48;90;29;31;07;62;17;04;23;34;69;24;21;22;
20140803 ;99;30;27;16;91;39;97;44;16;55;45;87;48;48;02;44;71;05;04;66;57;99;07;02;14;12;92;
20140804 ;04;03;09;78;66;40;84;22;92;56;72;76;78;66;71;25;77;80;65;39;39;05;31;06;17;66;29;
20140805 ;05;62;66;80;09;86;93;23;21;21;79;21;33;74;50;08;35;17;37;98;09;42;42;26;12;89;04;
20140806 ;04;86;68;47;68;05;47;79;99;45;32;68;83;34;65;04;33;62;97;37;35;66;65;78;94;02;07;
20140807 ;53;03;26;73;83;32;64;23;05;80;30;01;94;31;92;46;07;52;01;24;04;53;80;59;00;85;96;
20140808 ;27;15;53;05;57;56;62;45;70;12;69;17;39;44;86;59;29;92;46;88;54;93;71;50;34;93;19;
20140809 ;89;58;22;21;38;23;27;48;55;54;43;80;10;18;76;30;88;46;05;14;17;84;17;03;71;33;74;
20140810 ;13;61;71;05;74;10;75;45;06;83;52;07;50;31;31;89;91;51;27;23;08;64;48;62;24;72;78;
20140811 ;79;87;60;41;70;41;32;56;35;54;02;54;59;16;74;71;22;08;44;11;61;79;75;69;70;55;58;
20140812 ;61;34;90;57;28;62;99;07;29;43;42;96;31;08;30;41;17;52;30;18;07;77;70;29;06;99;85;
20140813 ;63;27;07;81;93;02;94;25;90;77;86;87;69;04;38;67;49;45;42;12;99;70;96;82;98;08;52;
20140814 ;92;54;66;54;60;14;02;03;44;65;18;38;31;64;02;08;67;30;62;70;55;93;75;49;07;02;19;
20140815 ;68;97;42;65;31;63;32;84;43;52;41;49;92;34;80;54;46;49;56;20;48;85;13;90;71;65;16;
20140816 ;62;12;72;99;91;03;50;85;33;81;87;16;36;18;74;69;09;37;86;11;46;40;47;78;74;68;32;
20140817 ;59;39;22;21;09;79;21;54;03;76;46;92;35;10;17;03;16;72;07;60;84;44;92;65;67;71;18;
20140818 ;70;98;99;70;04;11;90;19;81;98;85;94;09;37;06;84;28;64;09;81;01;74;08;50;79;98;89;
20140819 ;97;12;72;94;38;94;26;05;40;30;27;87;97;25;34;67;98;74;42;91;63;14;93;40;95;85;13;
20140820 ;64;19;92;55;19;31;30;34;69;48;46;16;92;74;58;70;45;75;27;05;15;37;20;30;66;87;64;
20140821 ;29;49;79;67;15;92;79;41;79;83;19;44;64;17;12;84;74;35;32;33;19;24;63;25;83;94;69;
20140822 ;88;00;19;06;60;67;31;51;60;94;18;37;33;23;05;43;11;34;55;09;26;68;67;73;89;38;72;
20140823 ;48;05;85;73;93;52;23;24;36;25;57;36;92;11;34;76;68;50;02;00;17;50;00;13;42;58;27;
20140824 ;82;72;54;76;24;48;38;02;06;09;13;08;80;12;80;88;55;80;72;44;38;66;36;29;77;40;50;
20140825 ;97;52;13;69;57;57;16;60;07;01;15;24;83;40;67;48;47;12;14;43;17;05;28;13;40;84;12;
20140826 ;70;85;20;06;85;06;95;25;92;35;82;06;81;51;31;75;61;40;47;02;72;13;64;03;23;75;09;
20140827 ;55;47;48;45;28;58;40;62;29;99;00;73;55;52;44;63;47;46;17;13;94;31;10;72;80;16;65;
20140828 ;60;00;92;14;79;03;20;72;12;88;07;19;38;50;14;86;58;09;69;47;98;45;18;69;10;29;61;
20140829 ;49;04;41;46;10;70;71;50;69;10;26;43;22;43;16;68;23;72;63;13;01;85;78;78;77;38;79;
20140830 ;54;48;48;27;04;79;59;55;92;61;98;77;28;72;60;50;96;48;34;28;12;58;71;01;49;83;46;
20140831 ;07;14;69;10;10;51;61;82;75;82;34;60;00;90;36;61;34;94;68;60;56;44;96;37;48;05;99;
20140901 ;09;41;17;98;96;50;96;04;18;38;06;97;83;29;71;52;15;15;53;70;31;45;26;89;42;81;55;
20140902 ;48;85;12;15;32;50;71;52;96;97;28;25;35;01;66;38;09;51;27;12;02;88;59;67;43;25;68;
20140903 ;42;52;39;20;92;50;69;54;59;99;61;44;01;19;11;34;12;98;59;28;11;12;44;37;20;93;33;
20140904 ;90;02;29;53;52;98;37;71;24;54;14;49;47;60;04;97;79;11;62;72;69;75;48;34;83;14;20; 
20140905 ;97;33;76;74;44;66;46;61;40;06;65;96;44;31;31;77;46;48;30;05;69;98;51;73;76;58;20; 
20140906 ;10;46;29;86;86;24;98;58;54;25;45;69;78;71;38;82;74;77;19;77;95;80;03;92;95;78;29;
20140907 ;04;27;18;56;30;50;36;92;54;68;70;39;41;58;48;28;70;38;89;37;85;95;41;75;65;49;43;
20140908 ;21;76;90;21;61;19;11;51;36;72;75;64;46;32;20;61;76;55;33;61;48;89;13;88;99;46;61; 
20140909 ;77;77;62;47;05;54;39;31;20;09;08;29;61;38;30;94;69;43;39;14;26;06;54;70;92;95;62; 
20140910 ;90;52;22;35;73;19;04;62;62;50;64;86;65;73;22;27;98;40;19;87;70;47;31;43;32;06;61; 
20140911 ;87;43;75;05;96;86;75;42;06;44;78;94;27;33;18;75;36;85;09;66;92;03;42;60;21;28;70; 
20140912 ;32;51;82;76;04;90;27;95;72;48;20;23;92;80;73;00;10;65;71;79;58;33;99;99;47;29;06; 
20140913 ;52;07;47;66;84;86;04;11;52;58;75;94;43;80;80;35;36;82;14;81;24;18;42;59;02;69;44; 
20140914 ;36;42;23;40;90;47;36;34;67;60;83;56;91;35;80;20;59;59;90;06;48;37;79;40;58;36;34;
20140915 ;45;94;90;56;03;52;04;13;74;54;44;34;07;21;86;42;44;62;37;08;07;07;09;33;14;63;43; 
20140916 ;51;24;46;14;65;56;89;03;46;61;29;57;36;89;31;20;51;71;27;35;19;78;97;29;95;23;27;
20140917 ;89;96;49;51;30;42;02;93;74;39;21;84;68;96;06;02;10;48;75;66;63;20;52;06;72;48;70; 
20140918 ;22;10;73;63;10;32;76;83;86;85;87;49;43;92;27;72;70;56;95;53;40;18;00;33;04;48;31;
20140919 ;04;75;90;81;48;38;93;29;45;10;10;20;39;16;40;63;79;26;70;64;06;64;10;87;66;50;16; 
20140920 ;15;52;99;22;49;10;43;56;22;70;78;43;75;68;23;23;26;77;74;42;03;65;47;14;09;56;76;
20140921 ;43;71;75;80;51;42;38;25;81;65;34;57;32;15;17;88;37;42;16;66;26;55;39;38;91;14;85;
20140922 ;34;29;52;89;66;21;21;18;73;29;31;96;85;16;08;57;41;96;31;35;21;85;06;30;99;90;36;
20140923 ;20;29;21;86;94;79;82;76;89;36;34;51;56;58;53;48;01;71;44;40;07;30;89;73;21;56;99; 
20140924 ;35;45;38;99;83;13;19;01;88;89;50;51;39;78;64;53;17;07;83;97;57;22;33;85;69;73;02;
20140925 ;93;40;15;58;10;02;37;35;08;42;10;48;80;39;06;58;83;12;73;79;28;07;81;87;93;47;68;
20140926 ;11;49;96;94;18;23;23;81;52;75;22;70;19;74;11;93;57;23;78;06;18;72;29;48;28;39;07; 
20140927 ;86;18;49;54;52;11;51;99;04;93;34;20;12;25;90;29;27;26;47;97;07;94;76;14;65;09;43;
20140928 ;24;21;64;09;86;71;18;71;31;70;13;01;82;96;14;10;59;39;81;65;55;21;41;55;87;89;11;
20140929 ;01;37;12;71;90;47;37;15;12;90;20;24;80;56;57;03;26;76;59;66;73;63;36;19;28;98;13;
20140930 ;00;77;66;39;34;51;51;50;59;57;84;02;35;26;52;03;18;03;90;53;52;40;73;98;93;86;85; 
20141001 ;96;41;90;47;89;69;99;79;27;62;21;29;73;12;60;06;14;64;68;57;05;03;52;45;78;09;61;
20141002 ;97;10;21;74;42;28;90;12;37;70;50;21;98;33;19;09;25;89;46;91;47;18;74;13;89;63;44;
20141003 ;91;16;09;71;29;45;98;40;35;36;07;89;73;41;78;40;47;95;54;08;94;25;07;28;50;36;14; 
20141004 ;32;54;69;81;96;53;42;52;07;52;26;98;03;91;49;68;85;52;76;90;02;27;69;13;41;23;60;
20141005 ;65;99;32;00;59;60;45;31;92;04;55;44;53;21;14;01;95;73;29;11;23;48;75;99;13;62;59;
20141006 ;56;40;81;53;03;80;99;17;23;85;75;07;84;29;56;94;41;36;72;93;96;50;64;91;39;70;18; 
20141007 ;39;37;70;80;95;93;24;83;73;55;66;44;73;35;16;69;28;31;38;33;79;10;07;00;78;86;34;
20141008 ;30;43;31;12;05;17;67;04;19;61;41;11;29;99;68;44;02;43;14;83;37;15;95;37;70;09;41; 
20141009 ;59;59;31;95;32;72;50;99;77;71;47;18;22;81;66;76;08;85;84;64;85;20;24;50;91;81;60;
20141010 ;43;62;72;24;92;50;05;09;05;04;34;84;34;63;42;74;12;73;60;72;34;11;70;01;37;74;63;
20141011 ;66;26;98;20;03;05;06;50;55;01;01;75;06;10;44;18;94;09;45;23;51;82;22;55;10;96;11;
20141012 ;13;92;23;40;82;25;10;64;06;58;02;23;54;97;24;34;27;82;22;31;92;83;02;04;71;99;42;
20141013 ;39;57;33;89;84;16;89;31;71;58;65;74;82;27;81;09;75;20;26;52;08;57;19;73;00;56;63;
20141014 ;12;30;13;72;93;16;16;94;82;13;63;91;86;70;69;65;58;55;50;29;51;19;77;76;81;32;10;
20141015 ;83;23;11;46;28;36;63;01;52;54;77;66;38;19;12;95;09;74;33;25;21;03;85;47;71;48;49;
20141016 ;55;71;61;67;75;88;21;03;29;25;04;68;63;89;39;60;24;50;90;86;30;63;45;49;03;41;47;
20141017 ;21;21;91;51;61;38;16;67;15;08;06;72;40;21;03;67;84;55;52;19;13;83;99;04;97;82;26; 
20141018 ;60;68;50;64;07;13;53;58;16;84;49;49;64;97;20;35;49;32;68;81;25;55;00;64;32;66;16;
20141019 ;72;53;12;76;44;74;49;93;36;08;99;90;16;08;48;06;98;33;84;55;05;75;30;47;10;61;11;
20141020 ;01;77;22;52;13;49;61;89;24;14;69;63;38;20;86;17;30;79;20;19;57;37;47;82;74;12;84;
20141021 ;06;75;54;92;88;63;27;56;10;00;10;78;46;56;28;60;20;55;46;00;96;16;93;41;21;32;67;
20141022 ;42;28;24;12;75;26;81;87;89;86;16;02;33;35;02;19;33;67;55;68;93;69;43;45;05;97;30;
20141023 ;54;45;02;39;05;32;32;12;04;28;02;01;52;10;76;77;84;62;90;17;44;29;01;36;56;26;94;
20141024 ;70;48;17;32;25;74;08;09;03;99;07;61;17;36;96;31;57;35;22;25;61;40;88;71;07;89;04; 
20141025 ;56;63;71;76;62;98;62;84;25;22;00;25;98;09;19;21;34;29;68;45;75;06;18;11;36;14;52;
20141026 ;71;30;11;34;28;42;45;09;37;65;00;72;15;59;62;95;45;45;76;10;18;98;76;47;60;22;52;
20141027 ;84;62;60;28;75;44;22;09;43;68;00;37;45;48;87;22;69;96;00;04;69;41;64;68;00;07;47;
20141028 ;54;80;46;48;92;72;21;14;55;78;61;59;70;68;01;87;56;53;41;78;36;06;83;07;51;54;24;
20141029 ;89;87;32;13;77;23;87;73;19;63;08;93;40;83;24;60;46;08;44;68;77;86;29;86;38;05;37;
20141030 ;65;21;13;66;51;48;44;09;72;65;43;50;89;49;90;39;88;47;31;47;38;69;13;25;18;16;90;
20141031 ;51;20;63;72;06;54;61;81;69;33;55;37;47;58;85;64;54;51;28;88;46;64;15;29;83;47;04; 
20141101 ;77;52;66;29;79;31;00;33;00;08;66;71;35;27;54;35;02;28;97;35;43;69;04;14;44;20;53;
20141102 ;11;28;60;56;55;42;14;54;81;46;00;36;62;08;35;78;44;40;50;37;46;21;44;88;98;24;21;
20141103 ;54;10;41;65;40;96;21;37;91;70;96;57;30;82;02;73;12;00;33;25;41;47;48;57;34;52;39;
20141104 ;96;40;86;17;23;03;32;93;33;09;36;82;87;89;30;03;32;44;57;91;45;81;22;45;89;77;65;
20141105 ;77;32;55;77;32;32;85;16;29;14;89;97;77;48;65;81;39;06;13;53;40;86;09;25;43;74;28;
20141106 ;25;08;10;27;58;03;64;55;32;55;89;99;32;07;66;54;79;20;29;57;27;63;65;73;31;81;56;
20141107 ;45;21;57;81;36;25;84;59;97;82;88;68;93;84;93;78;63;19;17;73;46;55;64;60;50;56;14;
20141108 ;92;65;20;34;51;85;49;76;57;85;92;14;59;83;72;00;27;74;96;04;39;58;35;55;33;15;78;
20141109 ;05;92;04;70;65;38;30;52;86;91;40;24;77;72;71;08;01;47;26;55;58;74;71;28;59;55;01;
20141110 ;06;80;77;34;60;77;03;67;36;85;50;18;27;41;77;44;18;59;72;80;78;79;61;47;12;24;95;
20141111 ;06;63;87;68;80;60;89;99;64;84;44;21;43;41;26;21;34;84;74;75;14;31;48;69;50;32;04;
20141112 ;38;47;98;10;86;98;92;85;09;49;25;30;87;27;65;42;34;06;47;99;57;05;75;51;88;94;18;
20141113 ;46;23;25;41;05;55;10;49;49;67;23;50;62;18;78;01;43;65;11;89;94;79;31;94;72;84;34;
20141114 ;97;50;90;60;34;36;21;23;53;10;50;14;72;50;35;24;85;18;24;13;74;69;34;80;76;64;81;
20141115 ;72;59;01;45;78;26;78;84;85;54;10;02;51;58;19;16;02;58;80;75;82;82;44;52;07;32;01;
20141116 ;19;81;04;02;22;28;19;76;35;54;38;26;46;92;31;37;35;45;63;72;72;09;21;66;62;56;13;
20141117 ;67;00;03;61;93;88;82;08;04;93;76;05;55;08;69;65;77;42;93;00;47;72;65;82;57;84;08;
20141118 ;54;98;64;12;42;57;50;57;94;80;51;29;18;18;33;05;21;04;43;18;55;85;21;63;87;97;23;
20141119 ;96;08;08;85;55;91;34;29;47;53;16;76;50;44;18;62;80;61;57;69;75;39;08;13;70;31;57;
20141120 ;68;88;00;18;26;56;18;40;83;31;23;24;38;52;20;48;03;84;78;40;56;04;55;77;07;03;78;
20141121 ;32;00;16;14;79;71;69;34;89;28;24;47;53;09;70;44;34;24;24;04;83;74;48;75;50;58;73;
20141122 ;36;45;37;68;42;42;51;92;63;22;45;38;94;27;89;05;15;15;07;22;87;78;85;53;02;04;10;
20141123 ;73;91;75;58;48;04;45;27;51;88;56;27;06;84;15;50;77;51;04;86;56;83;31;24;70;01;04;
20141124 ;51;67;38;50;19;11;21;97;50;64;73;30;13;74;37;33;45;82;86;61;04;26;26;48;15;85;58;
20141125 ;39;27;42;55;28;29;81;29;98;81;54;46;24;76;36;38;80;38;87;59;65;33;39;49;01;77;33;
20141126 ;10;20;73;85;70;62;59;89;31;38;69;49;75;55;77;26;08;92;70;79;95;69;80;33;39;31;44;
20141127 ;39;59;18;95;62;35;03;92;73;27;22;32;32;62;17;25;47;58;99;83;42;52;55;62;43;76;97;
20141128 ;19;88;24;88;92;38;47;39;60;94;46;67;24;47;09;62;99;79;64;55;05;49;13;67;85;14;37;
20141129 ;59;82;80;54;45;31;57;23;10;15;79;14;05;15;03;54;23;99;12;45;74;00;90;01;38;77;27;
20141130 ;63;55;92;55;54;89;51;44;29;23;88;31;04;65;41;14;01;83;12;75;06;72;25;03;68;81;27;
20141201 ;56;72;92;25;33;01;51;37;57;20;10;97;20;79;00;01;25;91;62;62;84;17;20;17;29;86;37; 
20141202 ;81;08;62;50;53;93;33;71;79;00;62;43;91;73;93;69;00;36;43;60;32;86;24;46;88;78;95;
20141203 ;45;54;57;17;16;81;38;28;65;49;98;29;21;38;71;25;06;99;06;10;12;03;93;07;48;29;01;
20141204 ;65;50;86;46;28;07;85;89;70;33;46;73;51;91;04;09;42;84;69;68;86;33;27;79;72;44;50;
20141205 ;80;04;01;83;03;37;09;30;97;88;88;89;81;08;94;52;06;61;59;96;57;85;78;46;56;07;72;
20141206 ;87;08;72;26;31;23;48;41;79;19;48;55;01;07;23;79;93;70;22;32;68;35;85;40;02;52;96;
20141207 ;77;84;85;77;54;96;22;61;30;42;92;75;19;41;68;12;16;00;42;47;44;75;47;25;71;55;83;
20141208 ;96;75;85;23;97;27;23;77;22;77;51;29;35;45;98;01;09;53;16;15;25;24;78;11;25;28;47;
20141209 ;41;60;35;22;02;37;48;49;98;99;58;63;59;95;30;30;72;55;42;09;88;79;44;51;34;30;07;
20141210 ;82;56;09;88;90;02;35;08;88;86;20;98;70;35;70;54;94;52;26;89;85;12;69;12;16;34;04;
20141211 ;63;20;01;40;39;55;04;53;55;02;04;41;31;68;75;51;38;01;69;18;92;01;87;76;20;75;57;
20141212 ;23;25;81;96;25;36;97;05;52;33;92;65;39;10;27;45;54;24;92;92;77;01;03;85;10;41;05;
20141213 ;52;25;43;20;60;32;85;55;02;17;16;80;47;90;86;73;04;24;94;35;62;47;62;73;49;55;09;
20141214 ;42;67;78;41;00;31;96;54;31;76;72;55;84;05;97;54;54;20;86;16;14;78;10;52;41;06;61;
20141215 ;38;34;53;72;89;35;29;92;68;87;64;11;14;57;76;34;90;54;45;73;77;55;57;68;10;03;12;
20141216 ;52;85;03;05;31;95;69;94;11;54;81;30;30;77;66;10;43;80;58;95;83;18;35;32;77;03;80;
20141217 ;36;53;70;97;24;99;81;89;91;62;79;17;75;02;12;71;30;58;68;14;01;14;28;33;36;31;19;
20141218 ;19;09;94;19;34;06;72;41;11;79;84;37;27;03;00;87;04;66;80;37;55;47;73;43;67;68;70;
20141219 ;12;95;19;34;90;06;76;01;18;34;78;97;70;90;16;28;02;23;77;51;42;79;34;72;93;59;95;
20141220 ;70;19;32;08;79;04;00;60;53;23;13;30;16;12;59;75;45;30;49;29;30;96;44;31;03;02;91;
20141221 ;52;42;84;43;87;24;66;86;37;32;28;26;69;62;49;68;17;66;96;64;28;86;68;36;69;60;21;
20141222 ;53;05;40;03;97;82;05;03;22;66;87;51;72;85;86;15;27;51;18;34;92;22;76;27;09;40;42;
20141223 ;16;16;10;71;76;78;17;41;36;87;87;39;35;93;85;66;75;47;49;59;10;18;28;37;53;51;90;
20141224 ;61;07;99;78;72;66;92;36;12;88;09;28;79;01;19;70;63;62;74;02;54;33;17;53;30;39;61;
20141225 ;47;04;73;69;70;98;94;69;89;38;49;46;25;68;78;30;11;09;33;70;54;55;31;42;72;83;93;
20141226 ;59;72;23;82;60;99;41;26;10;03;22;20;66;60;60;07;80;37;02;48;93;70;01;40;00;84;62;
20141227 ;98;27;17;65;16;38;10;19;72;75;98;56;26;93;00;01;84;54;71;84;40;58;75;80;06;40;20;
20141228 ;12;69;01;04;97;24;74;24;22;34;58;87;60;73;24;03;01;36;29;25;37;14;64;45;35;08;49;
20141229 ;99;32;24;87;33;35;46;33;73;08;91;84;88;03;70;80;32;61;31;84;41;83;51;48;47;66;98;
20141230 ;97;70;01;16;78;53;37;55;22;50;33;16;86;50;15;18;12;00;91;34;95;14;32;56;86;30;28;
20141231 ;46;33;86;68;48;79;99;27;76;12;37;74;55;58;05;54;65;89;97;38;85;92;43;51;93;31;09;
20150101 ;76;38;29;95;99;38;30;80;11;01;45;37;31;43;91;95;20;17;20;54;19;47;32;68;97;49;94;
20150102 ;25;39;94;55;96;81;29;67;02;32;35;18;54;04;22;59;02;99;68;47;93;83;47;61;59;14;22;
20150103 ;64;10;46;56;63;59;73;93;55;96;72;33;08;37;44;01;31;06;75;90;44;80;46;77;95;98;14;
20150104 ;13;85;92;40;10;27;04;70;91;21;44;61;06;77;61;28;83;43;82;79;82;47;36;35;56;87;96;
20150105 ;01;68;55;47;69;88;74;96;80;00;24;50;17;68;73;31;39;29;45;77;61;20;35;29;24;02;74;
20150106 ;05;23;30;40;93;63;45;25;80;55;21;64;89;35;04;14;66;32;49;21;97;77;52;35;38;12;68;
20150107 ;08;13;16;85;09;02;89;63;17;98;87;44;19;82;78;91;61;40;68;46;81;72;28;56;76;13;85;
20150108 ;46;75;77;72;33;03;92;03;19;44;25;40;68;78;62;74;78;09;08;98;72;99;01;89;29;24;85;
20150109 ;62;87;79;81;86;78;12;70;84;84;57;31;31;73;06;44;20;31;18;49;02;21;39;93;36;02;45;
20150110 ;95;59;20;78;61;33;93;91;61;68;59;21;29;18;22;76;86;83;36;82;71;58;78;20;73;39;59;
20150111 ;43;58;92;18;72;04;77;86;25;39;28;10;20;90;07;25;21;54;85;61;60;03;54;92;93;86;28;
20150112 ;76;85;89;80;68;80;31;15;43;11;91;33;29;01;04;30;90;05;17;29;00;49;50;13;42;27;11;
20150113 ;91;76;92;22;58;60;41;39;25;92;11;49;63;30;16;41;47;63;21;73;68;62;05;39;52;65;24;
20150114 ;88;57;66;56;72;26;01;02;33;61;90;04;99;17;71;63;87;10;99;24;85;65;35;65;31;95;89;
20150115 ;06;66;28;89;86;65;89;28;01;93;55;38;51;07;40;75;58;28;87;22;17;59;22;99;59;84;82;
20150116 ;62;18;39;26;27;29;95;00;27;03;88;93;30;79;60;08;49;49;04;94;09;78;44;23;63;13;56;
20150117 ;91;11;28;66;71;96;84;95;83;39;56;78;93;75;57;59;42;70;49;57;23;79;70;33;53;06;81;
20150118 ;58;99;00;17;30;37;20;88;92;58;59;76;76;87;13;28;73;58;49;23;17;06;36;69;39;74;87; 
20150119 ;33;17;76;36;00;66;16;52;93;16;72;61;21;75;66;94;33;86;32;18;69;32;32;94;06;01;04;
20150120 ;56;31;91;05;51;91;44;27;49;45;95;11;23;10;15;31;90;78;67;55;57;51;94;38;34;19;74;
20150121 ;31;32;47;43;72;14;31;11;76;91;09;08;78;04;85;40;01;75;64;88;97;81;00;37;34;00;40;
20150122 ;90;89;38;75;59;86;24;91;75;91;17;14;32;99;17;89;16;74;69;86;60;65;60;17;71;94;42;
20150123 ;00;03;54;08;38;22;03;26;53;92;48;91;85;84;63;45;91;39;35;23;88;45;28;11;61;45;94;
20150124 ;03;32;48;64;94;88;39;54;73;29;90;22;60;20;46;58;14;95;31;32;74;07;51;18;38;64;78;
20150125 ;25;27;93;23;26;80;23;78;90;74;04;52;02;84;18;99;82;25;45;64;81;67;88;32;17;33;56;
20150126 ;19;00;26;27;19;39;81;72;66;98;69;32;65;91;52;37;72;07;34;55;37;94;95;53;96;84;02;
20150127 ;88;54;72;31;66;46;58;29;03;59;95;63;46;91;24;29;10;79;52;13;91;62;07;91;81;85;55;
20150128 ;50;37;45;09;26;87;12;43;80;87;65;97;84;74;25;97;24;72;31;94;21;45;34;59;28;69;30;
20150129 ;56;11;53;07;07;15;22;62;80;14;85;84;10;04;31;53;22;43;81;79;75;02;11;35;58;30;29;
20150130 ;26;95;70;98;38;41;08;05;98;05;34;48;31;20;30;35;48;10;07;68;44;08;35;09;56;37;93;
20150131 ;84;04;50;26;98;61;15;25;36;18;51;65;77;80;41;53;70;53;83;57;88;74;88;14;03;72;24;
20150201 ;45;47;68;64;50;71;24;89;14;29;55;36;22;53;28;27;95;81;00;86;07;71;83;04;16;99;80;
20150202 ;49;81;09;27;05;26;54;29;18;91;19;01;53;65;64;51;74;90;67;84;55;07;94;19;78;21;82;
20150203 ;18;83;13;29;69;26;05;46;39;82;24;22;82;60;97;57;48;75;40;02;52;63;77;59;10;80;15;
20150204 ;85;46;10;31;17;95;63;02;38;27;88;08;29;06;27;00;97;45;18;70;42;45;14;62;06;35;78;
20150205 ;05;17;66;24;16;94;37;29;86;27;56;58;95;25;21;78;16;59;78;44;80;02;98;29;88;12;90;
20150206 ;71;92;72;85;80;52;11;49;93;38;13;61;75;38;51;45;11;73;35;38;52;39;19;36;57;25;75;
20150207 ;36;49;06;74;44;44;60;97;90;27;36;94;93;33;87;00;63;51;89;67;47;85;98;53;56;75;61;
20150208 ;07;15;71;89;93;01;94;29;36;96;50;99;79;12;99;52;26;17;00;97;33;77;23;98;95;51;07;
20150209 ;06;83;16;59;88;07;40;59;93;83;64;71;22;29;71;04;03;31;66;33;64;37;48;11;42;35;75;
20150210 ;83;79;34;34;09;02;89;71;14;50;74;18;74;35;13;76;96;37;71;59;15;62;52;19;21;43;38;
20150211 ;18;79;04;95;90;67;68;76;10;31;47;01;84;34;12;68;62;69;85;14;50;54;81;47;08;27;35;
20150212 ;45;46;13;67;64;33;66;80;20;58;46;13;72;63;49;65;60;51;78;30;15;87;43;78;60;09;46;
20150213 ;54;88;77;04;28;87;16;27;53;74;77;34;56;11;21;16;48;74;35;23;86;14;77;45;30;13;66;
20150214 ;59;58;74;87;48;19;63;78;85;86;54;21;20;73;85;84;43;30;21;45;42;86;40;43;11;70;26;
20150215 ;63;35;04;52;85;76;71;45;02;55;79;71;95;57;70;84;49;14;81;33;29;32;27;16;97;12;18;
20150216 ;38;62;00;08;01;63;46;79;22;88;04;80;58;51;53;15;06;23;48;99;24;03;89;31;01;88;63;
20150217 ;11;22;93;49;55;67;76;10;94;80;37;88;31;24;95;31;89;72;12;08;57;69;03;97;01;14;59; 
====================TET AM LICH================================
20150222 ;12;97;96;94;91;72;30;05;47;99;13;30;51;98;61;01;83;33;50;17;78;96;21;40;73;62;67;
20150223 ;04;66;06;54;86;54;66;89;36;02;55;37;21;07;62;51;75;58;74;19;21;15;22;16;55;32;28;
20150224 ;13;96;47;92;44;19;71;06;02;18;87;55;96;38;81;87;99;33;61;94;21;92;86;35;49;22;82;
20150225 ;53;63;76;32;12;17;22;32;08;79;47;24;24;67;12;85;72;57;62;77;79;84;07;77;26;28;69;
20150226 ;91;59;61;54;57;25;04;85;96;64;07;35;68;54;89;36;14;57;99;36;91;80;29;15;68;97;52;
20150227 ;88;85;85;80;72;63;87;74;10;20;95;95;47;04;13;09;25;06;55;15;11;32;41;02;96;79;09;
20150228 ;93;65;55;56;77;96;52;32;14;24;59;46;06;75;98;70;09;78;66;05;74;77;22;93;27;30;09;
20150301 ;95;68;73;26;33;52;05;00;37;73;34;08;12;16;54;79;63;55;03;84;67;93;68;92;70;64;43;
20150302 ;97;94;68;89;19;52;83;09;83;57;99;88;49;47;69;61;09;58;16;19;81;52;22;08;27;94;04;
20150303 ;48;36;72;38;79;34;29;32;46;44;48;02;45;18;80;11;80;09;29;50;39;42;75;70;39;71;94;
20150304 ;55;02;77;39;22;54;71;71;31;76;50;17;12;80;62;64;39;14;94;01;73;31;67;60;36;70;86;
20150305 ;62;23;15;78;62;32;62;34;66;20;52;79;67;64;90;15;66;70;77;63;43;48;33;64;87;07;26;
20150306 ;85;70;44;51;97;00;58;46;27;72;80;75;41;18;66;30;23;67;34;67;25;81;87;18;16;49;45;
20150307 ;88;54;59;02;98;66;53;22;43;84;20;80;53;26;17;73;14;74;45;47;38;16;55;13;36;79;50;
20150308 ;27;79;94;67;09;36;33;85;22;98;94;36;34;23;61;75;28;90;30;08;02;62;68;36;62;09;22;
20150309 ;27;79;94;67;09;36;33;85;22;98;94;36;34;23;61;75;28;90;30;08;02;62;68;36;62;09;22;
20150310 ;50;09;25;82;87;49;82;59;61;62;43;64;09;20;52;60;78;21;46;93;32;17;10;34;64;79;30;
20150311 ;17;09;12;54;29;96;00;36;55;17;48;05;31;96;14;46;66;79;51;74;90;46;66;53;58;49;82;
20150312 ;07;34;41;46;60;85;37;94;91;70;85;27;54;45;76;40;04;96;62;79;76;20;99;94;11;52;13;
20150313 ;29;65;75;82;63;45;90;47;91;24;32;94;11;76;04;29;82;09;79;71;34;19;39;65;42;88;14;
20150314 ;01;83;35;93;11;70;37;84;15;76;23;98;17;49;76;45;44;79;70;90;48;87;13;91;10;04;05;
20150315 ;89;85;94;96;71;70;29;41;43;21;31;71;54;79;82;58;84;78;80;49;87;12;85;07;18;49;25;
20150316 ;89;35;99;63;73;93;58;86;80;44;54;23;95;47;88;70;76;08;34;35;86;72;70;17;03;33;79;
20150317 ;51;13;21;35;01;54;73;76;94;14;17;60;20;58;65;74;36;70;30;90;92;98;98;78;08;29;12; 
20150318 ;33;55;32;15;94;96;59;82;72;74;75;50;25;86;03;63;81;74;95;93;47;70;86;80;63;37;72;
20150319 ;56;05;84;13;31;16;31;13;73;39;25;43;09;95;76;95;50;63;56;92;66;12;93;73;76;90;60;
20150320 ;72;88;35;15;61;57;22;96;59;86;60;27;76;80;66;01;64;74;79;81;73;27;55;29;13;58;74;
20150321 ;87;30;30;73;83;96;13;20;20;96;73;29;01;78;69;00;82;35;83;40;45;61;95;32;15;99;26;
20150322 ;03;83;30;13;20;53;86;75;85;76;73;67;16;66;02;50;81;62;04;64;86;85;94;27;60;99;39;
20150323 ;27;34;62;80;74;95;04;21;30;41;82;44;53;46;30;97;34;84;45;44;30;21;04;89;01;53;13;
20150324 ;81;72;32;65;89;81;84;68;18;47;73;33;06;58;30;02;47;93;00;31;04;92;33;38;05;46;82;
20150325 ;47;26;91;17;96;04;40;33;60;11;96;20;40;30;13;72;34;96;79;24;76;61;91;96;69;57;17;
20150326 ;24;69;30;10;17;31;24;27;07;75;43;33;27;48;39;74;35;17;17;27;43;97;55;26;23;66;63;
20150327 ;45;73;46;79;49;78;88;24;40;20;48;90;12;08;62;59;92;74;93;93;92;21;29;59;58;57;67;
20150328 ;57;02;74;23;31;84;75;76;98;45;78;83;66;16;28;30;56;49;74;03;57;30;14;79;24;13;15;
20150329 ;19;86;95;15;20;77;08;69;64;25;70;98;26;19;16;50;10;78;93;05;26;74;59;94;95;65;22;
20150330 ;71;22;48;39;82;32;32;79;56;66;93;42;07;25;46;39;95;99;21;60;87;47;05;35;13;96;29;
20150331 ;04;34;76;93;72;06;01;23;73;65;09;81;81;81;95;62;50;60;85;98;06;05;86;97;43;16;70;
20150401 ;00;39;00;56;91;66;00;23;45;85;05;58;18;23;98;25;78;25;16;99;88;45;09;77;37;12;96;
20150402 ;65;30;78;34;79;84;06;37;45;91;47;29;92;27;24;59;80;01;53;85;58;48;27;33;06;91;82;
20150403 ;99;35;70;49;63;03;27;61;52;63;00;04;84;67;95;41;49;95;65;29;49;10;18;92;43;19;06;
20150404 ;81;60;35;36;03;17;40;27;55;57;21;56;34;40;58;27;17;27;62;05;02;30;69;26;32;00;08;
20150405 ;86;59;01;39;57;60;75;30;49;69;39;88;46;49;34;48;98;05;53;12;35;07;05;36;75;35;71;
20150406 ;67;37;24;66;90;36;85;95;51;67;68;51;04;31;94;64;33;79;21;22;42;57;10;66;47;73;01;
20150407 ;52;80;64;45;03;56;89;90;76;59;00;93;22;30;50;47;90;00;41;47;14;93;56;92;33;48;97;
20150408 ;25;54;64;87;98;00;83;27;20;84;48;19;83;75;29;16;66;08;75;59;05;54;53;95;77;35;97;
20150409 ;75;83;74;53;04;86;57;11;54;78;85;33;56;30;48;39;18;59;04;20;49;06;86;21;79;40;06;
20150410 ;15;63;76;87;00;00;52;74;43;68;27;04;25;31;72;04;11;64;89;06;45;34;44;74;09;62;13;
20150411 ;12;55;36;43;85;87;78;18;83;01;91;04;34;83;27;10;63;25;39;83;11;91;31;75;62;25;03;
20150412 ;96;01;14;86;67;38;24;10;77;84;06;24;65;24;81;63;23;58;25;67;06;29;88;52;02;11;46;
20150413 ;13;52;03;43;40;57;62;47;40;31;51;08;17;90;95;17;80;15;38;45;93;37;31;74;43;45;84;
20150414 ;64;81;62;08;00;85;14;51;58;01;13;80;84;53;00;56;91;75;15;68;12;81;94;33;91;01;79;
20150415 ;15;59;33;04;81;33;42;45;37;64;86;26;23;73;41;55;65;81;85;86;66;21;05;24;43;38;60; 
20150416 ;73;36;46;62;99;63;66;46;53;67;58;51;42;46;62;86;09;23;19;13;33;35;30;24;16;69;96;
20150417 ;48;83;07;53;53;48;16;37;88;60;47;70;27;41;13;67;89;46;93;14;96;44;48;01;44;74;95;
20150418 ;16;29;61;78;30;48;58;24;24;44;01;65;33;96;48;37;55;52;52;17;45;00;37;27;21;94;22;
20150419 ;72;10;20;60;24;31;94;07;07;26;26;31;42;90;98;65;76;29;95;86;50;01;53;07;63;09;08;
20150420 ;66;12;10;00;11;27;39;71;95;79;90;19;79;55;03;05;94;96;48;40;56;58;20;02;26;91;28;
20150421 ;68;30;26;28;59;33;63;45;78;61;69;75;08;67;34;10;90;53;86;06;89;32;44;23;75;39;80;
20150422 ;60;49;56;63;32;72;79;96;21;28;04;91;70;29;25;58;70;89;33;34;13;86;98;16;19;82;92;
20150423 ;51;88;15;00;94;60;38;20;28;10;59;76;72;15;51;88;73;55;53;07;42;25;51;56;92;51;79;
20150424 ;78;63;99;96;42;72;01;00;87;04;42;36;04;71;18;61;71;04;17;71;53;50;95;82;27;15;19;
20150425 ;76;69;68;30;27;92;55;03;39;25;88;07;74;44;86;70;41;67;01;49;53;75;24;30;52;24;16;
20150426 ;93;89;18;68;46;52;30;61;22;12;73;13;82;13;99;81;57;82;03;76;65;61;50;49;02;97;39;
20150427 ;93;89;18;68;46;52;30;61;22;12;73;13;82;13;99;81;57;82;03;76;65;61;50;49;02;97;39;
20150428 ;71;99;70;21;73;03;97;07;96;06;98;42;24;94;48;23;87;99;70;38;32;75;43;93;80;77;68;
20150429 ;69;71;26;40;26;18;81;73;15;92;32;19;29;38;36;87;41;57;63;40;40;68;07;65;64;83;38;
20150430 ;44;13;97;59;07;23;92;33;24;02;34;83;02;76;29;21;52;62;70;75;80;89;45;63;82;75;39;
20150501 ;31;94;90;23;40;89;37;94;25;04;25;11;34;76;76;97;72;18;39;64;39;40;05;49;61;24;09;
20150502 ;47;10;51;45;59;49;78;04;67;76;65;10;32;45;71;43;50;41;54;41;85;27;11;89;77;78;00;
20150503 ;15;06;30;54;31;67;94;06;51;22;01;38;52;65;50;83;80;38;57;31;00;00;61;77;54;70;23;
20150504 ;83;70;25;32;85;79;40;16;68;65;09;26;62;16;83;96;49;49;05;51;61;45;03;19;60;56;65;
20150505 ;20;89;64;51;51;19;44;38;94;05;18;02;15;05;93;35;76;59;58;27;71;18;97;38;41;14;12;
20150506 ;75;01;78;39;74;51;00;81;63;58;95;97;40;30;78;53;78;37;90;98;53;88;95;64;33;06;22;
20150507 ;10;29;25;20;48;45;33;01;71;45;04;53;86;07;54;06;43;83;74;29;83;38;41;16;12;95;46;
20150508 ;91;81;08;20;85;73;27;88;14;70;53;00;42;43;20;25;15;16;35;76;63;03;91;45;93;95;46;
20150509 ;07;74;17;90;87;96;55;50;15;72;76;93;52;44;96;39;11;02;99;00;72;92;40;20;95;64;41;
20150510 ;68;96;98;21;08;98;12;81;89;94;80;90;16;98;74;69;33;39;49;41;99;75;19;33;99;87;08;
20150511 ;20;55;40;14;78;11;19;44;10;49;71;52;27;70;91;44;63;04;46;84;20;01;41;91;81;58;54;
20150512 ;75;13;51;35;15;56;85;14;99;56;47;46;62;72;34;88;29;13;70;71;90;50;89;67;23;92;38;
20150513 ;10;04;13;08;04;44;18;56;10;30;92;88;97;35;52;66;10;51;34;81;17;47;73;38;04;50;00; 
20150514 ;95;83;49;93;43;56;38;04;97;33;69;45;05;63;33;64;35;83;06;57;10;89;84;38;75;16;32;
20150515 ;99;07;85;73;19;27;50;03;03;61;01;73;60;72;12;86;38;63;36;28;49;08;26;65;44;52;87;
20150516 ;43;81;41;35;48;27;58;18;08;21;49;66;90;51;64;65;86;95;42;42;17;54;45;81;38;74;26;
20150517 ;62;70;82;08;68;26;79;10;40;42;73;02;16;57;97;71;77;85;17;20;97;22;13;61;50;17;35;
20150518 ;06;18;07;53;25;91;36;66;42;35;89;46;01;02;23;07;34;03;33;10;29;62;51;31;30;90;40;
20150519 ;20;87;75;22;82;94;75;13;17;15;69;93;47;67;42;78;18;18;25;85;10;40;50;22;00;64;63;
20150520 ;63;29;76;44;11;10;75;51;97;08;07;82;19;51;74;63;81;56;61;20;75;72;44;41;14;91;00;
20150521 ;00;93;58;90;48;84;76;20;94;28;26;77;93;38;45;58;84;49;41;89;05;54;11;20;71;39;80;
20150522 ;26;14;42;76;11;52;11;26;34;80;87;98;96;23;73;40;14;83;42;77;25;86;78;80;75;25;79;
20150523 ;69;03;05;17;94;69;48;26;62;51;80;43;60;49;12;75;28;31;60;19;44;25;54;47;40;14;16;
20150524 ;44;79;32;17;12;27;90;68;91;28;91;04;09;88;89;06;75;97;33;41;85;83;67;41;89;20;73;
20150525 ;46;53;65;45;85;33;41;96;72;91;94;60;75;36;03;21;63;10;39;90;18;99;41;13;78;66;16;
20150526 ;56;67;26;88;44;63;81;45;34;71;08;16;06;57;70;02;59;43;20;71;44;76;50;22;20;95;42;
20150527 ;55;56;25;31;48;36;83;43;51;91;46;37;39;82;44;48;58;89;59;47;85;78;05;92;14;56;24;
20150528 ;61;79;18;36;04;77;21;99;78;08;22;06;45;79;32;38;94;91;74;14;33;67;33;69;41;10;42;
20150529 ;18;54;73;85;48;69;79;77;35;54;16;74;78;20;07;22;97;17;61;02;80;65;32;64;42;40;99;
20150530 ;37;88;72;17;41;38;14;66;66;57;70;63;14;31;07;20;83;97;68;05;54;20;06;87;32;48;78;
20150531 ;39;61;75;39;24;33;38;61;36;37;11;67;11;13;14;25;81;98;55;68;14;37;68;24;42;21;68;
20150601 ;78;00;12;42;55;11;86;18;66;08;19;81;73;00;85;55;13;95;82;18;08;98;19;62;33;36;29;
20150602 ;32;48;85;31;73;80;05;78;39;83;87;04;47;03;56;03;31;65;23;89;35;46;26;93;15;67;87;
20150603 ;40;30;70;65;21;01;28;85;58;32;78;55;61;85;40;45;12;58;29;88;37;43;87;33;01;82;38;
20150604 ;78;50;03;52;49;80;60;39;99;70;30;08;95;62;93;22;75;63;99;04;54;66;97;83;15;37;87;
20150605 ;84;64;30;86;50;21;42;18;68;16;39;88;69;76;68;31;33;97;97;75;58;93;81;38;74;32;58;
20150606 ;20;23;42;21;00;54;65;64;86;93;32;70;39;44;99;31;81;00;28;90;50;79;38;25;16;17;76;
20150607 ;95;50;81;23;60;71;86;93;46;50;23;13;29;62;69;01;57;26;71;11;38;16;45;90;67;44;88;
20150608 ;84;77;05;37;80;76;20;21;39;36;63;69;21;18;04;76;83;41;19;05;52;90;35;48;24;35;76;
20150609 ;27;06;99;01;82;07;47;83;88;35;05;97;67;20;44;79;70;13;99;52;53;26;69;88;10;87;40;
20150610 ;02;17;08;06;70;56;54;17;58;35;46;87;20;13;52;18;19;55;47;60;18;41;43;79;62;26;52;
20150611 ;66;17;47;74;46;74;23;36;55;25;94;23;18;92;09;52;91;90;21;41;90;73;59;47;09;51;79;
20150612 ;29;35;70;76;51;56;14;84;10;21;29;02;11;18;68;97;55;33;53;47;12;69;70;54;20;19;34; 
20150613 ;82;04;60;58;14;89;60;43;59;37;77;24;90;62;00;12;79;80;01;79;44;98;72;84;20;28;83;
20150614 ;31;32;57;09;61;07;03;05;63;87;24;59;60;87;40;30;61;87;22;81;48;12;34;49;64;95;15;
20150615 ;48;34;47;50;80;26;26;57;93;71;25;67;41;51;33;29;16;14;30;95;04;50;86;90;66;87;94;
20150616 ;22;26;35;47;85;75;14;32;06;52;36;00;56;01;61;76;87;55;39;85;29;69;14;77;35;16;92;
20150617 ;67;11;82;54;53;56;35;61;40;09;59;49;76;93;82;95;48;30;89;34;94;38;07;01;44;98;27;
20150618 ;91;11;01;75;18;12;89;66;83;09;35;48;97;63;00;71;30;97;07;73;40;20;41;93;91;27;88;
20150619 ;39;92;30;27;25;60;07;73;89;90;16;06;79;90;78;86;68;35;11;70;21;09;10;08;36;40;51;
20150620 ;36;78;24;41;86;43;97;06;58;32;71;01;52;39;16;61;54;92;43;55;26;59;51;63;35;82;92;
20150621 ;63;33;64;37;80;06;09;71;62;11;94;22;46;36;53;12;05;54;36;36;15;89;59;76;51;59;82;
20150622 ;20;49;61;49;92;40;60;02;07;95;49;30;02;42;88;50;42;74;23;65;83;43;61;22;21;68;91;
20150623 ;93;22;89;33;44;13;72;60;35;18;78;46;07;77;64;40;28;87;81;65;32;69;95;67;38;96;55;
20150624 ;70;78;59;92;86;63;98;41;32;50;38;19;12;41;56;24;73;99;60;74;27;03;75;35;59;38;95;
20150625 ;19;19;99;83;93;78;70;60;73;18;06;53;40;93;16;46;81;85;41;97;53;39;44;61;91;46;09;
20150626 ;00;11;29;75;41;59;90;16;48;79;70;04;03;82;46;29;08;23;27;31;54;84;91;12;42;28;89;
20150627 ;81;17;26;18;06;24;60;03;23;12;11;81;94;37;35;35;36;67;31;73;00;27;88;71;62;25;57;
20150628 ;62;02;05;53;95;62;86;77;43;28;20;02;64;70;22;37;00;87;00;62;08;55;20;25;95;47;35;
20150629 ;49;99;53;97;83;36;89;45;72;35;22;21;92;20;97;34;38;41;85;95;77;61;81;78;07;26;73;
20150630 ;03;18;76;44;10;25;66;16;14;63;23;76;24;11;30;44;00;99;39;96;22;46;15;29;09;94;60;
20150701 ;65;86;32;72;15;79;56;62;55;60;03;72;32;62;10;10;20;57;24;05;22;09;73;36;85;66;01;
20150702 ;87;09;96;55;44;08;27;43;89;24;69;00;17;14;66;14;16;59;97;75;51;24;11;20;54;83;34;
20150703 ;62;51;44;24;23;53;83;61;33;44;07;21;50;62;39;61;25;38;37;31;62;99;62;24;06;02;34;
20150704 ;54;40;90;57;81;11;09;09;36;22;64;80;25;46;51;48;31;93;51;21;01;49;27;99;65;13;35;
20150705 ;92;27;22;12;39;22;41;69;29;76;14;41;97;34;16;92;07;85;83;78;29;61;16;79;24;23;02;
20150706 ;84;68;05;85;30;00;14;89;61;37;50;86;35;12;98;19;77;39;96;33;93;33;26;70;72;81;36;
20150707 ;46;53;40;38;59;68;68;88;40;49;45;73;31;43;54;42;46;86;62;86;78;40;39;67;21;96;71;
20150708 ;65;40;88;51;55;08;97;96;65;38;61;04;22;98;19;70;12;16;44;81;33;76;34;38;88;21;89;
20150709 ;76;30;12;17;59;52;26;60;97;64;61;88;27;42;35;09;08;13;34;78;44;80;68;53;07;30;27;
20150710 ;56;39;85;02;84;03;18;27;29;77;13;84;29;15;19;39;13;04;44;13;01;17;81;38;21;16;62;
20150711 ;09;65;41;28;73;64;04;10;08;30;19;20;71;10;32;36;00;42;68;30;38;85;68;17;68;59;91;
20150712 ;74;27;35;62;13;26;11;16;76;35;68;61;62;53;90;77;78;41;74;29;19;91;73;38;18;47;78; 
20150713 ;84;41;03;38;36;39;13;97;41;96;05;42;65;78;60;30;61;10;24;31;32;10;95;21;82;84;70;
20150714 ;00;80;43;06;64;13;21;38;51;73;14;76;47;35;48;02;41;65;33;57;66;64;10;30;01;89;82;
20150715 ;56;60;59;43;65;18;48;48;79;63;63;72;66;97;55;94;27;03;96;58;28;20;37;86;78;46;21;
20150716 ;14;75;38;02;17;74;34;25;14;12;63;67;86;71;95;08;04;50;37;07;52;80;10;76;25;94;97;
20150717 ;22;39;38;09;24;66;57;31;81;79;95;87;03;11;07;52;20;49;21;89;98;22;67;05;25;94;60;
20150718 ;40;49;55;59;98;27;07;21;82;43;58;40;19;03;53;48;59;89;71;39;19;73;60;20;54;73;09;
20150719 ;03;40;52;09;76;85;46;23;06;97;45;49;19;71;46;37;73;85;71;30;15;91;77;92;32;37;35;
20150720 ;20;21;53;43;88;53;94;66;62;97;97;45;53;89;47;49;99;56;17;05;26;54;49;30;00;74;47;
20150721 ;14;02;99;00;37;98;40;56;72;49;04;66;92;23;73;99;75;49;91;32;26;69;10;36;23;67;68;
20150722 ;90;29;03;52;55;62;88;83;87;15;82;84;83;81;05;80;74;96;49;79;76;93;23;07;67;46;59;
20150723 ;20;41;08;45;82;14;14;08;36;69;69;15;80;16;71;23;45;58;47;33;12;33;18;88;49;10;45;
20150724 ;88;61;61;98;72;35;19;67;26;66;42;54;56;29;82;79;61;48;91;59;83;24;51;43;80;26;82;
20150725 ;90;05;88;90;38;00;61;59;08;75;96;42;15;43;56;21;17;24;36;47;26;73;67;37;63;21;94;
20150726 ;75;17;10;00;69;65;51;31;50;99;12;94;01;03;63;56;34;42;90;76;80;97;82;20;38;52;93;
20150727 ;09;92;56;92;41;01;69;42;70;08;73;69;44;37;33;29;90;81;29;09;70;34;30;15;10;65;00;
20150728 ;79;06;71;43;55;45;31;45;85;83;25;77;73;06;71;69;02;45;03;78;05;77;79;95;75;30;19;
20150729 ;59;10;32;45;66;41;38;63;65;85;04;62;96;56;78;37;23;84;76;63;32;27;04;64;72;42;90;
20150730 ;96;41;94;98;32;61;00;18;19;23;64;66;63;75;23;53;13;25;92;55;96;83;93;05;19;37;55;
20150731 ;74;20;90;03;72;63;81;81;73;18;26;80;13;35;10;97;43;69;66;51;58;94;62;13;12;50;45;
20150801 ;43;52;79;88;72;71;95;88;42;32;71;65;05;39;67;10;98;43;86;04;57;90;30;06;38;26;81;
20150802 ;50;94;43;68;14;88;81;44;35;14;60;61;95;13;73;98;19;03;92;44;42;01;84;58;04;85;76;
20150803 ;95;40;24;71;75;02;64;22;53;13;49;04;27;50;67;29;07;66;99;35;86;98;79;00;91;12;23;
20150804 ;08;61;19;67;25;98;05;72;50;23;80;68;82;52;35;05;77;88;90;06;47;91;98;25;71;33;60;
20150805 ;30;49;27;73;81;32;95;24;00;75;79;22;55;59;15;93;77;68;02;03;24;33;77;44;69;47;61;
20150806 ;73;24;43;67;87;01;88;57;97;12;89;22;26;67;64;66;17;11;73;93;31;00;42;12;56;78;72;
20150807 ;82;14;88;65;90;14;20;32;40;00;43;29;69;11;17;13;49;55;78;37;60;53;10;63;79;77;12;
20150808 ;31;64;01;33;25;63;86;83;27;98;29;75;81;01;07;98;99;77;61;11;86;83;20;24;61;23;46;
20150809 ;36;79;33;25;15;26;23;86;93;24;00;26;38;07;86;05;14;10;52;04;89;82;70;35;08;96;78;
20150810 ;76;88;42;71;21;67;65;97;15;07;63;79;17;35;11;90;38;11;47;48;72;38;00;23;79;53;95;
20150811 ;08;70;43;17;44;54;78;66;93;12;39;84;35;05;08;02;79;48;86;05;22;73;49;00;57;22;86;
20150812 ;05;45;88;36;83;22;49;09;82;86;46;08;26;76;71;47;48;67;46;75;10;88;53;09;73;59;11;
20150813 ;89;05;76;78;06;67;79;85;25;57;46;23;64;04;68;80;75;16;08;45;72;30;50;90;00;56;12;
20150814 ;36;53;95;31;49;51;98;81;68;19;07;37;13;77;51;72;20;03;10;01;30;61;49;92;72;32;84;
20150815 ;21;83;52;84;93;13;19;65;03;44;57;15;43;74;89;49;26;28;22;95;15;10;31;51;92;70;90;
20150816 ;36;65;21;37;17;39;58;86;95;90;81;94;13;57;49;45;47;48;01;34;82;55;14;48;28;30;56;
20150817 ;31;44;71;97;52;84;13;40;44;09;45;46;76;15;64;17;73;38;27;82;63;85;71;12;84;07;53;
20150818 ;22;21;01;01;03;84;85;09;77;42;55;46;46;06;30;65;05;16;48;35;66;50;00;49;86;22;41;
20150819 ;18;76;40;54;84;08;35;20;19;14;20;94;54;80;82;45;71;55;10;32;72;31;06;70;60;27;75;
20150820 ;13;83;66;72;54;24;10;62;96;58;63;78;97;23;90;17;20;58;35;16;54;24;44;96;54;79;92;
20150821 ;73;59;92;42;15;89;61;86;15;20;41;34;31;82;79;71;56;60;43;38;90;74;84;29;09;06;18;
20150822 ;49;14;47;44;48;00;58;88;00;80;06;87;28;77;67;62;81;75;29;74;87;05;68;96;20;79;16;
20150823 ;80;38;68;47;53;88;58;38;20;81;25;18;34;14;25;61;90;35;13;44;00;82;40;78;84;39;48;
20150824 ;70;61;83;18;71;16;38;29;88;32;90;60;50;74;40;04;79;67;37;15;41;36;62;70;04;16;96;
20150825 ;19;52;08;96;53;33;19;04;51;23;39;91;56;26;55;35;23;79;40;41;40;67;39;88;65;97;75;
20150826 ;01;03;42;07;62;49;46;05;84;87;71;20;78;82;83;62;62;09;07;53;71;22;22;40;64;74;45;
20150827 ;58;03;10;57;43;50;53;33;77;24;88;92;37;28;09;04;40;33;35;22;99;74;45;36;12;53;61;
20150828 ;12;45;87;68;07;19;33;17;22;07;93;93;49;58;98;89;88;50;47;32;50;12;04;13;69;05;56;
20150829 ;90;54;77;25;75;49;76;30;81;76;91;99;40;95;70;90;26;72;40;85;07;51;42;42;24;62;44;
20150830 ;36;80;15;39;38;91;99;66;30;16;56;62;43;24;50;89;29;21;11;26;50;89;75;32;39;18;43;
20150831 ;22;15;25;99;97;61;08;18;53;02;54;05;48;59;03;31;53;91;08;19;43;81;88;44;61;91;60;
20150901 ;89;24;67;37;47;47;29;94;48;57;24;65;38;24;28;62;16;79;44;45;75;79;28;78;75;22;84; 
20150902 ;97;70;09;67;16;54;11;75;34;31;47;31;45;93;38;01;97;60;34;64;89;16;21;31;53;86;82;
20150903 ;69;20;76;53;08;51;36;02;55;56;43;40;31;35;89;51;96;82;33;73;35;83;76;19;76;90;57;
20150904 ;01;84;42;26;53;97;03;63;65;49;39;69;08;85;60;97;82;59;84;30;40;48;39;75;64;65;13;
20150905 ;89;33;89;37;10;00;83;54;84;78;53;86;08;77;71;45;30;27;30;80;25;66;00;85;16;59;07;
20150906 ;03;41;28;72;51;74;37;04;16;09;12;85;74;10;43;19;38;00;57;59;49;58;31;48;08;46;86;
20150907 ;80;96;50;88;25;31;36;17;04;50;73;72;46;38;00;41;14;64;08;90;38;12;30;40;93;35;72;
20150908 ;43;14;38;25;21;46;94;63;24;22;65;26;70;23;64;12;95;25;01;06;90;40;05;63;02;68;12;
20150909 ;94;92;02;50;49;06;74;36;82;15;27;42;21;20;55;69;20;71;33;52;73;48;16;42;90;85;92;
20150910 ;43;53;15;14;20;87;65;86;32;40;66;78;29;68;95;77;83;06;69;27;63;66;30;47;07;40;89;
20150911 ;08;50;29;81;51;96;36;10;61;50;57;65;76;89;07;74;00;73;25;20;54;25;90;19;34;09;17;
20150912 ;71;79;01;02;78;04;98;73;58;10;86;16;82;71;38;75;57;42;18;83;47;47;55;20;75;80;17;
20150913 ;53;09;42;55;02;62;90;87;12;89;80;15;97;98;97;86;78;87;87;45;31;88;18;64;89;31;62;
20150914 ;92;37;04;65;01;70;46;74;66;07;38;61;72;14;43;35;07;89;70;87;94;85;19;46;31;88;36;
20150915 ;12;29;75;65;87;97;08;37;10;99;48;64;04;14;32;36;50;83;79;27;71;31;64;31;71;38;23;
20150916 ;42;26;16;56;20;78;21;54;12;66;18;09;42;76;07;00;34;33;86;01;83;38;82;89;80;59;44;
20150917 ;34;35;16;56;67;83;03;22;43;08;33;05;98;04;84;19;29;88;83;96;82;19;09;70;75;62;73;
20150918 ;14;12;91;16;49;53;12;17;73;96;78;39;87;66;17;07;63;85;94;51;97;83;26;19;71;44;14;
20150919 ;97;24;19;05;79;43;78;21;35;08;68;43;75;77;69;75;61;14;58;40;31;92;23;92;45;79;57;
20150920 ;31;38;57;09;56;58;05;14;34;79;15;08;39;00;21;08;59;73;96;31;21;69;86;96;17;87;93;
20150921 ;04;55;17;89;24;04;70;72;50;26;81;98;63;47;55;53;74;26;48;27;89;05;15;55;21;22;17;
20150922 ;20;99;38;57;32;00;87;51;63;44;10;93;99;02;59;77;36;35;19;12;45;05;55;28;02;61;55;
20150923 ;33;79;11;87;59;72;25;92;23;02;82;56;52;85;10;64;64;70;73;59;00;10;05;98;33;13;36;
20150924 ;17;48;71;64;91;10;91;64;41;50;38;75;99;25;35;77;14;48;71;87;96;80;52;12;34;46;67;
20150925 ;47;09;40;26;33;03;47;04;80;21;15;69;72;41;62;27;82;86;33;31;38;47;43;01;45;64;81;
20150926 ;87;64;31;02;70;88;13;51;22;09;50;10;20;13;08;27;49;54;47;13;00;21;69;16;56;55;68;
20150927 ;47;25;46;27;83;86;22;51;89;34;60;34;55;05;54;58;63;54;11;67;98;33;08;96;12;21;44;
20150928 ;61;01;34;39;55;83;44;87;68;17;37;93;57;53;69;48;58;08;86;41;04;95;36;50;39;83;17;
20150929 ;89;46;76;51;64;16;93;86;55;60;11;65;33;73;39;32;89;44;69;04;00;65;61;06;09;89;92;
20150930 ;32;53;15;72;44;64;57;26;36;69;20;35;53;19;45;10;14;75;29;26;80;16;37;40;71;15;04;
20151001 ;90;27;04;64;01;46;95;19;47;27;07;37;35;99;84;07;06;11;71;19;87;44;34;78;49;79;59;
20151002 ;01;04;80;11;89;19;87;61;83;66;31;90;03;60;29;49;61;72;02;91;81;23;95;46;38;78;98;
20151003 ;06;07;09;90;04;52;96;61;12;19;20;35;91;91;79;11;33;54;83;91;38;69;42;44;45;82;31;
20151004 ;39;20;88;28;40;95;92;34;92;45;22;22;26;55;25;92;36;01;33;01;90;83;08;90;87;10;42;
20151005 ;34;38;77;69;41;00;10;73;57;82;93;52;85;19;60;62;66;84;29;33;07;83;95;26;67;64;51;
20151006 ;80;00;73;32;96;78;97;91;87;36;90;15;95;51;00;62;43;95;04;16;69;12;27;88;94;49;66; 
20151007 ;08;68;61;66;80;01;17;94;46;29;52;48;57;12;99;92;22;89;96;20;28;03;92;60;65;49;24; 
20151008 ;55;42;24;20;06;22;52;80;58;66;79;19;68;68;73;22;95;43;80;52;11;36;76;85;97;09;90; 
20151009 ;81;80;72;78;91;55;63;99;07;55;69;52;56;95;95;84;13;57;06;47;92;64;21;86;27;73;99; 
20151010 ;90;56;68;04;65;32;20;86;70;01;76;85;22;34;30;88;85;08;81;60;61;44;92;03;41;73;24; 
20151011 ;35;10;27;62;13;12;20;96;02;47;68;32;79;13;05;12;43;38;65;48;36;02;41;67;15;64;45; 
20151012 ;73;10;04;70;76;86;59;15;87;00;20;65;05;90;19;41;10;43;86;85;86;31;17;08;92;27;87; 
20151013 ;07;46;20;37;91;95;72;40;28;66;02;97;43;46;57;52;07;73;55;65;05;66;42;66;79;17;84;
20151014 ;85;83;46;40;43;43;81;17;30;25;33;16;30;09;28;23;05;06;41;69;91;05;75;98;41;85;49;
20151015 ;56;05;73;96;40;91;91;05;23;52;99;96;09;06;34;72;45;59;01;60;33;19;58;42;58;82;93; 
20151016 ;13;76;30;56;27;50;65;29;10;59;52;00;60;64;12;08;54;83;88;20;81;87;48;24;25;57;27;
20151017 ;16;52;59;14;47;49;75;17;95;79;93;18;50;55;05;70;55;59;58;64;72;13;94;82;16;10;53; 
20151018 ;72;00;98;71;04;06;69;28;45;89;88;04;76;77;55;00;41;52;33;24;81;72;24;71;89;23;29;
20151019 ;45;91;01;65;59;42;47;56;38;37;93;81;50;21;91;58;50;55;78;32;97;26;99;69;16;13;10;
20151020 ;45;86;91;52;57;67;92;32;57;84;04;77;06;63;99;00;75;68;42;05;62;46;48;14;82;88;13;
20151021 ;30;93;41;62;78;16;48;92;10;71;33;41;75;91;33;15;03;79;59;16;62;26;44;88;61;57;12;
20151022 ;69;75;12;17;61;80;50;53;38;04;22;25;10;12;85;67;48;96;36;63;05;64;72;38;22;29;18;
20151023 ;59;42;40;49;32;16;24;84;59;92;53;11;14;50;12;30;96;29;39;43;82;76;78;56;13;88;54; 
20151024 ;94;80;01;15;60;66;97;50;69;20;59;79;25;29;74;10;21;49;69;92;33;28;75;23;27;22;32; 
20151025 ;70;49;83;96;63;33;18;68;60;10;45;34;68;27;76;42;89;26;27;10;74;55;16;87;18;32;45;
20151026 ;94;24;67;76;62;74;05;70;39;53;52;29;24;54;65;55;45;79;67;60;49;35;88;92;01;52;39;
20151027 ;28;95;98;09;73;40;15;79;66;07;55;89;71;59;75;69;60;53;38;16;33;37;93;73;64;26;42;
20151028 ;46;10;35;84;71;06;18;67;76;05;81;68;75;93;07;75;88;26;16;67;55;81;00;90;08;68;20;
20151029 ;15;60;24;36;29;28;55;70;37;84;79;99;36;85;40;91;76;19;77;47;63;37;72;36;71;70;05;
20151030 ;38;92;96;30;22;03;59;94;88;94;71;55;33;49;97;77;74;88;62;53;86;03;37;59;39;49;56; 
20151031 ;48;54;98;90;10;72;01;04;24;43;29;07;67;54;60;76;11;61;70;11;02;85;62;76;74;12;54; 
20151101 ;76;29;51;95;87;63;50;46;19;85;32;62;62;85;22;94;80;82;19;43;32;91;05;13;00;45;42;
20151102 ;70;29;33;42;92;39;98;17;60;36;07;83;67;32;31;76;98;14;03;69;29;61;18;22;65;73;06;
20151103 ;35;08;06;25;26;68;01;42;25;95;67;77;73;59;90;49;96;40;59;22;81;91;19;71;29;87;60; 
20151104 ;78;17;38;66;85;84;61;00;04;53;31;77;43;65;78;33;69;84;39;41;64;88;43;92;93;02;95;
20151105 ;24;91;05;65;35;09;80;91;33;71;93;10;58;23;71;89;43;13;90;65;64;37;85;34;18;11;08;
20151106 ;28;59;56;54;69;40;67;69;89;61;86;96;64;24;92;09;50;66;78;80;64;86;54;44;22;40;51;
20151107 ;15;88;12;14;43;57;12;77;28;63;82;23;12;07;76;51;32;41;39;15;90;80;35;54;98;80;70;
20151108 ;45;79;92;82;86;20;12;95;55;91;41;96;38;78;17;47;99;74;87;07;01;11;24;86;31;43;07; 
20151109 ;22;00;30;54;29;87;66;37;17;72;22;58;90;41;63;03;02;81;75;76;75;78;17;19;72;87;14; 
20151110 ;37;51;25;69;51;87;86;23;84;31;53;06;26;98;98;69;45;51;10;45;54;83;81;71;56;95;35;
20151111 ;56;21;51;84;99;33;04;47;62;41;45;05;62;16;94;17;65;09;12;02;90;22;73;95;61;77;18;
20151112 ;57;72;25;58;24;35;62;65;94;29;07;29;43;12;12;09;73;90;69;46;09;95;67;17;13;18;78;
20151113 ;91;68;23;56;53;30;15;74;10;11;18;89;04;89;96;97;16;30;12;29;45;52;39;13;80;16;40;
20151114 ;97;47;55;50;52;55;44;61;53;77;45;84;91;37;80;16;12;67;64;32;07;95;39;46;99;83;08; 
20151115 ;31;50;87;16;80;44;68;62;77;92;81;10;35;95;81;85;02;92;47;47;27;56;69;01;13;72;62;
20151116 ;15;89;55;95;12;97;26;53;71;17;89;82;95;24;60;16;70;94;95;68;33;30;83;40;83;06;22;
20151117 ;39;70;80;93;05;52;53;30;34;96;05;81;03;51;22;73;60;38;13;58;45;18;91;05;39;70;34;
20151118 ;60;41;78;32;85;82;39;33;56;34;46;16;02;38;08;18;62;27;62;41;19;62;14;25;81;62;33;
20151119 ;31;68;04;62;89;54;64;32;31;24;96;03;32;50;59;73;42;11;01;73;06;78;22;53;30;09;27;
20151120 ;31;96;45;13;38;69;13;50;93;05;63;58;10;11;25;28;11;67;20;51;33;89;75;12;29;99;04; 
20151121 ;09;96;68;79;36;90;74;93;42;06;88;89;05;60;38;26;62;16;56;81;78;65;15;03;78;32;57;
20151122 ;68;85;39;08;10;66;16;25;24;48;73;23;39;38;32;19;15;85;76;21;59;87;55;44;30;54;46;
20151123 ;81;37;55;36;23;97;88;24;38;91;91;34;82;87;41;26;90;90;16;17;09;77;73;94;44;17;99;
20151124 ;29;69;91;74;88;21;94;48;12;30;10;94;83;21;17;61;89;85;68;39;61;77;22;23;47;40;80;
20151125 ;96;70;36;02;86;65;56;52;26;08;73;25;27;79;77;38;61;57;08;43;38;30;87;35;97;01;64;
20151126 ;33;70;75;86;01;92;74;93;82;30;70;81;92;32;95;11;16;34;67;00;26;80;80;37;74;34;79;
20151127 ;91;51;66;41;84;23;31;49;97;08;24;59;08;45;64;80;22;03;08;23;36;55;63;95;60;89;22;
20151128 ;46;16;20;93;25;81;42;88;44;43;77;27;56;61;68;33;81;84;66;08;99;48;36;26;35;95;79;
20151129 ;14;31;10;53;73;23;13;08;25;88;84;56;34;65;35;09;78;47;02;40;33;08;16;00;67;58;25;
20151130 ;54;70;11;64;36;79;24;30;23;22;47;01;25;34;14;34;91;66;89;90;06;48;10;01;87;72;70; 
20151201 ;78;52;31;75;38;46;99;62;22;17;15;49;64;80;52;01;55;96;05;67;62;05;61;89;56;12;49;
20151202 ;40;54;37;73;55;19;15;02;38;23;14;17;22;47;28;85;40;56;30;63;24;02;52;21;62;68;97;
20151203 ;90;83;22;84;65;50;03;10;66;76;95;34;40;51;26;18;42;93;50;69;94;47;69;90;21;02;68;
20151204 ;63;06;23;12;80;51;57;25;60;77;07;08;63;15;74;14;94;44;02;45;91;11;64;00;74;93;47;
20151205 ;36;43;67;46;08;35;83;10;90;35;69;98;23;21;05;21;27;81;22;74;58;16;33;11;37;21;85;
20151206 ;95;12;57;22;35;49;46;86;29;51;49;43;83;43;07;43;95;91;21;83;51;99;86;43;62;78;92;
20151207 ;25;40;42;71;09;48;34;03;57;55;31;45;83;62;84;47;43;92;86;21;63;22;28;50;61;03;80;
20151208 ;77;58;30;12;06;80;94;50;57;90;40;31;74;23;26;57;86;15;31;99;94;89;40;99;21;55;03;
20151209 ;53;87;54;76;36;31;09;36;07;13;15;28;60;27;05;12;30;10;91;37;68;43;26;64;41;62;23;
20151210 ;36;14;89;33;28;42;03;59;55;17;46;76;37;40;56;04;93;76;03;20;50;86;22;94;01;84;61;
20151211 ;25;74;66;31;86;71;60;06;31;87;99;71;53;19;56;88;13;99;41;07;50;11;77;48;83;62;42;
20151212 ;12;07;64;45;22;84;06;24;85;90;08;12;04;92;34;68;65;09;70;52;63;26;99;00;37;60;27;
20151213 ;05;31;22;73;83;01;49;99;07;10;14;62;85;29;20;06;26;22;62;68;40;35;69;73;46;58;85;
20151214 ;14;93;22;66;46;60;52;33;80;27;01;19;83;63;18;31;57;63;84;92;64;36;83;85;23;94;37;
20151215 ;12;95;67;19;04;91;35;49;97;99;16;97;05;82;07;14;90;51;01;62;90;87;28;26;00;73;06;
20151216 ;79;32;47;07;14;54;10;81;66;39;32;97;08;76;74;81;99;65;75;96;89;17;97;00;50;95;58;
20151217 ;86;77;14;27;44;16;38;57;06;59;33;01;77;17;34;93;78;43;36;37;75;97;86;51;61;62;03;
20151218 ;60;21;49;17;75;58;73;58;34;11;98;82;62;92;53;85;95;07;21;49;24;14;35;36;95;09;88;
20151219 ;35;16;50;88;12;59;30;62;44;27;72;93;85;73;26;58;64;49;91;13;50;75;46;56;68;62;29;
20151220 ;68;41;64;95;89;91;47;67;26;43;61;81;05;77;49;66;30;90;63;52;18;30;40;23;09;25;81;
20151221 ;42;94;44;11;16;50;58;81;96;22;57;80;58;80;95;26;37;16;05;96;78;68;14;46;12;39;71;
20151222 ;38;75;15;93;03;45;00;77;66;30;03;50;07;94;67;14;17;01;96;49;19;31;14;54;46;10;20;
20151223 ;09;44;30;76;57;28;23;19;63;91;52;39;22;77;13;49;58;72;48;91;32;35;86;78;91;69;57;
20151224 ;10;21;02;19;09;63;10;78;84;22;97;32;48;01;87;17;49;90;58;64;11;47;88;11;00;14;65;
20151225 ;40;45;82;99;45;31;23;32;35;35;70;22;01;78;63;15;74;88;45;02;94;38;48;06;79;37;96;
20151226 ;85;11;49;46;71;80;58;60;13;04;41;14;89;14;09;52;12;62;26;60;52;73;23;90;19;43;59;
20151227 ;17;49;76;17;79;23;47;00;89;74;36;33;64;99;44;11;20;58;64;61;71;37;01;35;17;67;93;
20151228 ;28;44;62;33;51;89;28;49;99;42;76;72;64;97;00;26;57;20;25;33;23;31;26;08;99;84;11; 
